/*
SQLyog Ultimate v11.11 (64 bit)
MySQL - 5.5.5-10.1.16-MariaDB : Database - hrisdtr
*********************************************************************
*/

/*!40101 SET NAMES utf8 */;

/*!40101 SET SQL_MODE=''*/;

/*!40014 SET @OLD_UNIQUE_CHECKS=@@UNIQUE_CHECKS, UNIQUE_CHECKS=0 */;
/*!40014 SET @OLD_FOREIGN_KEY_CHECKS=@@FOREIGN_KEY_CHECKS, FOREIGN_KEY_CHECKS=0 */;
/*!40101 SET @OLD_SQL_MODE=@@SQL_MODE, SQL_MODE='NO_AUTO_VALUE_ON_ZERO' */;
/*!40111 SET @OLD_SQL_NOTES=@@SQL_NOTES, SQL_NOTES=0 */;
CREATE DATABASE /*!32312 IF NOT EXISTS*/`hrisdtr` /*!40100 DEFAULT CHARACTER SET latin1 */;

USE `hrisdtr`;

/*Table structure for table `tblaccount` */

DROP TABLE IF EXISTS `tblaccount`;

CREATE TABLE `tblaccount` (
  `AccountID` int(11) NOT NULL AUTO_INCREMENT,
  `Username` varchar(255) DEFAULT NULL,
  `Password` varchar(255) DEFAULT NULL,
  `UserType` varchar(255) DEFAULT NULL,
  PRIMARY KEY (`AccountID`)
) ENGINE=InnoDB AUTO_INCREMENT=23 DEFAULT CHARSET=latin1;

/*Data for the table `tblaccount` */

insert  into `tblaccount`(`AccountID`,`Username`,`Password`,`UserType`) values (1,'admin','81dc9bdb52d04dc20036dbd8313ed055','Admin'),(18,'testtt','81dc9bdb52d04dc20036dbd8313ed055','Auditor'),(22,'GG123','7dc449518822e870e0ca8c1d437083a2','Auditor');

/*Table structure for table `tblcontribution` */

DROP TABLE IF EXISTS `tblcontribution`;

CREATE TABLE `tblcontribution` (
  `ContributionID` bigint(11) NOT NULL AUTO_INCREMENT,
  `Description` varchar(250) DEFAULT NULL,
  `EffectivityDate` date DEFAULT NULL,
  `ContributionInfo` varchar(250) DEFAULT NULL,
  `Regular` tinyint(4) DEFAULT '-1',
  `ForITW` tinyint(4) DEFAULT NULL,
  PRIMARY KEY (`ContributionID`)
) ENGINE=MyISAM AUTO_INCREMENT=12 DEFAULT CHARSET=latin1;

/*Data for the table `tblcontribution` */

insert  into `tblcontribution`(`ContributionID`,`Description`,`EffectivityDate`,`ContributionInfo`,`Regular`,`ForITW`) values (1,'SSS','2003-03-01','Social Security System',1,1),(2,'PhilHealth','2006-08-13','Phil. Health Insurance',1,1),(3,'Cash Advance','2006-09-04','CA ',0,NULL),(4,'NONE','2006-09-04','No Deduction',0,NULL),(5,'HDMFL',NULL,'HDMF LOAN',0,NULL),(6,'HDMFC',NULL,'HDMF CONTRI',0,0),(7,'ITW','2007-08-01','Withholding Tax',0,0),(8,'Housing','2006-08-13','Housing Loan',0,NULL),(9,'SSS Loan',NULL,'SSS Loan',0,NULL),(11,'Pag-Ibig',NULL,'Pag-Ibig',1,NULL);

/*Table structure for table `tblcontributiondetails` */

DROP TABLE IF EXISTS `tblcontributiondetails`;

CREATE TABLE `tblcontributiondetails` (
  `ContributionDetailID` int(15) NOT NULL AUTO_INCREMENT,
  `sRange` decimal(13,2) DEFAULT '0.00',
  `eRange` decimal(13,2) DEFAULT '0.00',
  `MonthlySalCredit` decimal(13,2) DEFAULT '0.00',
  `ContributionID` bigint(11) NOT NULL,
  `EmployerShare` decimal(13,2) DEFAULT '0.00',
  `EmployeeShare` decimal(13,2) DEFAULT '0.00',
  `EC_ER` decimal(13,2) DEFAULT '0.00',
  `ExemptionCode` varchar(20) DEFAULT NULL,
  PRIMARY KEY (`ContributionDetailID`),
  KEY `ContributionID` (`ContributionID`)
) ENGINE=MyISAM AUTO_INCREMENT=72 DEFAULT CHARSET=latin1;

/*Data for the table `tblcontributiondetails` */

insert  into `tblcontributiondetails`(`ContributionDetailID`,`sRange`,`eRange`,`MonthlySalCredit`,`ContributionID`,`EmployerShare`,`EmployeeShare`,`EC_ER`,`ExemptionCode`) values (1,1000.00,1249.99,1000.00,1,73.70,36.30,10.00,NULL),(2,1250.00,1749.99,1500.00,1,110.50,54.50,10.00,NULL),(3,1750.00,2249.99,2000.00,1,147.30,72.70,10.00,NULL),(4,2250.00,2749.99,2500.00,1,184.20,90.80,10.00,NULL),(5,2750.00,3249.99,3000.00,1,221.00,109.00,10.00,NULL),(6,3250.00,3749.99,3500.00,1,257.80,127.20,10.00,NULL),(7,3750.00,4249.99,4000.00,1,294.70,145.30,10.00,NULL),(8,4250.00,4749.99,4500.00,1,331.50,163.50,10.00,NULL),(9,4750.00,5249.99,5000.00,1,368.30,181.70,10.00,NULL),(10,5250.00,5749.99,5500.00,1,405.20,199.80,10.00,NULL),(11,5750.00,6249.99,6000.00,1,442.00,218.00,10.00,NULL),(12,6250.00,6749.99,6500.00,1,478.80,236.20,10.00,NULL),(13,6750.00,7249.99,7000.00,1,515.70,254.30,10.00,NULL),(14,7250.00,7749.99,7500.00,1,552.50,272.50,10.00,NULL),(15,7750.00,8249.99,8000.00,1,589.30,290.70,10.00,NULL),(16,8250.00,8749.99,8500.00,1,626.20,308.80,10.00,NULL),(17,8750.00,9249.99,9000.00,1,663.00,327.00,10.00,NULL),(18,9250.00,9749.99,9500.00,1,699.80,345.20,10.00,NULL),(19,9750.00,10249.99,10000.00,1,736.70,363.30,10.00,NULL),(20,10250.00,10749.99,10500.00,1,773.50,381.50,10.00,NULL),(21,10750.00,11249.99,11000.00,1,810.30,399.70,10.00,NULL),(22,11250.00,11749.99,11500.00,1,847.20,417.80,10.00,NULL),(23,11750.00,12249.99,12000.00,1,884.00,436.00,10.00,NULL),(24,12250.00,12749.99,12500.00,1,920.80,454.20,10.00,NULL),(25,12750.00,13249.99,13000.00,1,957.70,472.30,10.00,NULL),(26,13250.00,13749.99,13500.00,1,994.50,490.50,10.00,NULL),(27,13750.00,14249.99,14000.00,1,1031.30,508.70,10.00,NULL),(28,14250.00,14749.99,14500.00,1,1068.20,526.80,10.00,NULL),(29,14750.00,15249.99,15000.00,1,1105.00,545.00,30.00,NULL),(30,0.00,8999.00,8000.00,2,100.00,100.00,0.00,NULL),(31,9000.00,9999.99,9000.00,2,112.50,112.50,0.00,NULL),(32,10000.00,10999.99,10000.00,2,125.00,125.00,0.00,NULL),(33,11000.00,11999.99,11000.00,2,137.50,137.50,0.00,NULL),(34,12000.00,12999.99,12000.00,2,150.00,150.00,0.00,NULL),(35,13000.00,13999.99,13000.00,2,162.50,162.50,0.00,NULL),(36,14000.00,14999.99,14000.00,2,175.00,175.00,0.00,NULL),(37,15000.00,15999.99,15000.00,2,187.50,187.50,0.00,NULL),(38,16000.00,16999.99,16000.00,2,200.00,200.00,0.00,NULL),(39,17000.00,17999.99,17000.00,2,212.50,212.50,0.00,NULL),(40,18000.00,18999.99,18000.00,2,225.00,225.00,0.00,NULL),(41,19000.00,19999.99,19000.00,2,237.50,237.50,0.00,NULL),(42,20000.00,20999.99,20000.00,2,250.00,250.00,0.00,NULL),(43,21000.00,21999.99,21000.00,2,262.50,262.50,0.00,NULL),(44,22000.00,22999.99,22000.00,2,275.00,275.00,0.00,NULL),(45,23000.00,23999.99,23000.00,2,287.50,287.50,0.00,NULL),(46,24000.00,24999.99,24000.00,2,300.00,300.00,0.00,NULL),(47,0.00,0.00,9400.00,3,0.00,0.00,0.00,NULL),(48,0.00,0.00,6843.75,4,0.00,0.00,0.00,NULL),(49,0.00,0.00,6691.66,5,0.00,0.00,0.00,NULL),(50,0.00,0.00,0.00,7,0.00,637.66,0.00,NULL),(51,1000.00,2000.00,1500.00,8,50.00,50.00,10.00,NULL),(52,2000.00,3000.00,2500.00,8,50.00,50.00,10.00,NULL),(53,0.00,0.00,6691.66,9,0.00,0.00,0.00,NULL),(54,0.00,0.00,6843.75,6,0.00,0.00,0.00,NULL),(58,25000.00,25999.99,25000.00,2,312.50,312.50,0.00,NULL),(59,26000.00,26999.99,26000.00,2,325.00,325.00,0.00,NULL),(60,27000.00,27999.99,27000.00,2,337.50,337.50,0.00,NULL),(61,28000.00,28999.99,28000.00,2,350.00,350.00,0.00,NULL),(62,29000.00,29999.99,29000.00,2,362.50,362.50,0.00,NULL),(63,30000.00,30999.99,30000.00,2,375.00,375.00,0.00,NULL),(64,31000.00,31999.99,31000.00,2,387.50,387.50,0.00,NULL),(65,32000.00,32999.99,32000.00,2,400.00,400.00,0.00,NULL),(66,33000.00,33999.99,33000.00,2,412.50,412.50,0.00,NULL),(67,34000.00,34999.99,34000.00,2,425.00,425.00,0.00,NULL),(68,35000.00,999999.99,35000.00,2,437.50,437.50,0.00,NULL),(69,15250.00,15749.99,15500.00,1,1141.80,563.20,30.00,NULL),(70,15750.00,999999.00,16000.00,1,1178.70,581.30,30.00,NULL),(71,0.00,0.00,0.00,11,0.00,0.00,0.00,NULL);

/*Table structure for table `tbldepartment` */

DROP TABLE IF EXISTS `tbldepartment`;

CREATE TABLE `tbldepartment` (
  `DepartmentID` int(15) NOT NULL AUTO_INCREMENT,
  `DepartmentName` varchar(255) DEFAULT NULL,
  `DepartmentDesc` varchar(255) DEFAULT NULL,
  PRIMARY KEY (`DepartmentID`)
) ENGINE=InnoDB AUTO_INCREMENT=7 DEFAULT CHARSET=utf8;

/*Data for the table `tbldepartment` */

insert  into `tbldepartment`(`DepartmentID`,`DepartmentName`,`DepartmentDesc`) values (1,'Admin','Administrative Department'),(2,'Finance','Finance Department'),(3,'Labor','Labor Department'),(4,'Engineering Department','Engineering Department'),(6,'IT Dept','Programmers and Developers');

/*Table structure for table `tblemployee` */

DROP TABLE IF EXISTS `tblemployee`;

CREATE TABLE `tblemployee` (
  `EmployeeID` int(11) NOT NULL AUTO_INCREMENT,
  `EmployeeCode` varchar(255) DEFAULT NULL,
  `Lastname` varchar(255) DEFAULT NULL,
  `Firstname` varchar(255) DEFAULT NULL,
  `Middlename` varchar(255) DEFAULT NULL,
  `Birthdate` date DEFAULT NULL,
  `DepartmentID` int(11) DEFAULT NULL,
  `Gender` varchar(255) DEFAULT NULL,
  `Active` tinyint(1) DEFAULT '1',
  `CivilStatus` varchar(255) DEFAULT NULL,
  `PositionID` int(1) DEFAULT NULL,
  `Address` varchar(255) DEFAULT NULL,
  `ContactNumber` varchar(255) DEFAULT NULL,
  `PicturePath` varchar(255) DEFAULT NULL,
  `Completed` int(1) DEFAULT '0',
  `TimeID` int(11) DEFAULT '1',
  PRIMARY KEY (`EmployeeID`)
) ENGINE=InnoDB AUTO_INCREMENT=2 DEFAULT CHARSET=latin1;

/*Data for the table `tblemployee` */

insert  into `tblemployee`(`EmployeeID`,`EmployeeCode`,`Lastname`,`Firstname`,`Middlename`,`Birthdate`,`DepartmentID`,`Gender`,`Active`,`CivilStatus`,`PositionID`,`Address`,`ContactNumber`,`PicturePath`,`Completed`,`TimeID`) values (1,'00336','Somocor','Larry Mark','Barcelona','1990-08-20',6,'Male',1,'Single',22,'Divisoria Lumiyap Zamboanga City','09175167588',NULL,0,1);

/*Table structure for table `tblholiday` */

DROP TABLE IF EXISTS `tblholiday`;

CREATE TABLE `tblholiday` (
  `HolidayID` int(11) NOT NULL AUTO_INCREMENT,
  `Regular` tinyint(1) NOT NULL DEFAULT '1',
  `HolidayDate` date NOT NULL,
  `Description` varchar(250) DEFAULT NULL,
  PRIMARY KEY (`HolidayID`),
  UNIQUE KEY `HolidayDate` (`Regular`,`HolidayDate`)
) ENGINE=InnoDB AUTO_INCREMENT=19 DEFAULT CHARSET=latin1;

/*Data for the table `tblholiday` */

insert  into `tblholiday`(`HolidayID`,`Regular`,`HolidayDate`,`Description`) values (1,1,'2009-11-01','All Saint\'s Day'),(2,1,'2009-12-25','Christmas Day'),(3,1,'2009-01-01','New Year\'s Day'),(4,0,'2009-12-26','Special'),(5,0,'2009-12-29','Special'),(6,1,'2009-12-30','Rizal Day'),(7,0,'2009-12-31','Special'),(8,0,'2009-12-01','special holiday'),(10,0,'2009-02-26','dia de zambonga'),(11,1,'2009-04-06','ARAW NG KAGITINGAN'),(12,1,'2009-04-09','HOLY THURSDAY'),(13,1,'2009-04-10','GOOD FRIDAY'),(14,0,'2009-04-11','BLACK SATURDAY'),(15,1,'2009-05-01','LABOR DAY'),(16,1,'2009-07-20','legal holiday'),(17,0,'2009-08-05','cory aquino'),(18,1,'2009-08-31','heroes day');

/*Table structure for table `tblleave` */

DROP TABLE IF EXISTS `tblleave`;

CREATE TABLE `tblleave` (
  `LeaveID` int(11) NOT NULL AUTO_INCREMENT,
  `LeaveTitle` varchar(255) DEFAULT NULL,
  `LeaveDescription` varchar(255) DEFAULT NULL,
  PRIMARY KEY (`LeaveID`)
) ENGINE=InnoDB AUTO_INCREMENT=5 DEFAULT CHARSET=utf8;

/*Data for the table `tblleave` */

insert  into `tblleave`(`LeaveID`,`LeaveTitle`,`LeaveDescription`) values (1,'Vacation Leave','Vacation Leave'),(2,'Sick Leave','Sick Leave'),(3,'Maternal Leave','Maternal Leave'),(4,'Paternal Leave','Paternal Leave');

/*Table structure for table `tblleavecredits` */

DROP TABLE IF EXISTS `tblleavecredits`;

CREATE TABLE `tblleavecredits` (
  `LeaveCreditsID` int(11) NOT NULL AUTO_INCREMENT,
  `EmployeeID` int(11) DEFAULT NULL,
  `AvailableCredits` decimal(10,2) DEFAULT NULL,
  `MaternalLeaveCredits` decimal(10,2) DEFAULT '60.00',
  `PaternalLeaveCredits` decimal(10,2) DEFAULT '30.00',
  `Years` int(11) DEFAULT NULL,
  `Months` int(11) DEFAULT NULL,
  PRIMARY KEY (`LeaveCreditsID`)
) ENGINE=InnoDB AUTO_INCREMENT=57 DEFAULT CHARSET=utf8;

/*Data for the table `tblleavecredits` */

insert  into `tblleavecredits`(`LeaveCreditsID`,`EmployeeID`,`AvailableCredits`,`MaternalLeaveCredits`,`PaternalLeaveCredits`,`Years`,`Months`) values (1,1,15.00,0.00,30.00,2014,10),(2,3,-16.00,0.00,30.00,2014,10),(3,4,-16.00,0.00,30.00,2014,10),(4,5,8.00,0.00,30.00,2014,10),(5,7,-16.00,60.00,0.00,2014,10),(6,8,15.00,60.00,0.00,2014,10),(7,9,-16.00,60.00,0.00,2014,10),(8,10,15.00,60.00,0.00,2014,10),(9,11,15.00,60.00,0.00,2014,10),(10,12,15.00,60.00,0.00,2014,10),(11,13,15.00,60.00,0.00,2014,10),(12,14,15.00,0.00,30.00,2014,10),(13,15,15.00,0.00,30.00,2014,10),(14,16,15.00,0.00,30.00,2014,10),(15,17,15.00,0.00,30.00,2014,10),(16,18,15.00,0.00,30.00,2014,10),(17,19,8.00,0.00,30.00,2014,10),(18,20,15.00,0.00,30.00,2014,11),(19,21,15.00,0.00,30.00,2014,11),(20,22,15.00,0.00,30.00,2014,11),(21,23,15.00,0.00,30.00,2014,11),(22,24,15.00,0.00,30.00,2014,11),(23,25,15.00,0.00,30.00,2014,11),(24,26,15.00,0.00,30.00,2014,11),(25,27,15.00,0.00,30.00,2014,11),(26,28,15.00,0.00,30.00,2014,11),(27,29,15.00,0.00,30.00,2014,11),(28,30,15.00,0.00,30.00,2014,11),(29,1,15.00,0.00,30.00,2015,1),(30,3,15.00,0.00,30.00,2015,1),(31,4,15.00,0.00,30.00,2015,1),(32,5,15.00,0.00,30.00,2015,1),(33,7,15.00,60.00,0.00,2015,1),(34,8,15.00,60.00,0.00,2015,1),(35,9,15.00,60.00,0.00,2015,1),(36,10,15.00,60.00,0.00,2015,1),(37,11,15.00,60.00,0.00,2015,1),(38,12,15.00,60.00,0.00,2015,1),(39,13,15.00,60.00,0.00,2015,1),(40,14,15.00,0.00,30.00,2015,1),(41,15,15.00,0.00,30.00,2015,1),(42,16,15.00,0.00,30.00,2015,1),(43,17,15.00,0.00,30.00,2015,1),(44,18,15.00,0.00,30.00,2015,1),(45,19,15.00,0.00,30.00,2015,1),(46,20,15.00,0.00,30.00,2015,1),(47,21,15.00,0.00,30.00,2015,1),(48,22,15.00,0.00,30.00,2015,1),(49,23,15.00,0.00,30.00,2015,1),(50,24,15.00,0.00,30.00,2015,1),(51,25,15.00,0.00,30.00,2015,1),(52,26,15.00,0.00,30.00,2015,1),(53,27,15.00,0.00,30.00,2015,1),(54,28,15.00,0.00,30.00,2015,1),(55,29,15.00,0.00,30.00,2015,1),(56,30,15.00,0.00,30.00,2015,1);

/*Table structure for table `tblmonths` */

DROP TABLE IF EXISTS `tblmonths`;

CREATE TABLE `tblmonths` (
  `MonthID` int(11) NOT NULL AUTO_INCREMENT,
  `Months` varchar(100) DEFAULT NULL,
  PRIMARY KEY (`MonthID`)
) ENGINE=InnoDB AUTO_INCREMENT=13 DEFAULT CHARSET=utf8;

/*Data for the table `tblmonths` */

insert  into `tblmonths`(`MonthID`,`Months`) values (1,'January'),(2,'February'),(3,'March'),(4,'April'),(5,'May'),(6,'June'),(7,'July'),(8,'August'),(9,'September'),(10,'October'),(11,'November'),(12,'December');

/*Table structure for table `tblonleave` */

DROP TABLE IF EXISTS `tblonleave`;

CREATE TABLE `tblonleave` (
  `OnLeaveID` int(11) NOT NULL AUTO_INCREMENT,
  `EmployeeID` int(11) DEFAULT NULL,
  `StartDate` date DEFAULT NULL,
  `EndDate` date DEFAULT NULL,
  `LeaveID` int(11) DEFAULT NULL,
  `TotalDays` decimal(10,2) DEFAULT NULL,
  `Years` int(11) DEFAULT NULL,
  `Months` int(11) DEFAULT NULL,
  PRIMARY KEY (`OnLeaveID`)
) ENGINE=InnoDB DEFAULT CHARSET=utf8;

/*Data for the table `tblonleave` */

/*Table structure for table `tblposition` */

DROP TABLE IF EXISTS `tblposition`;

CREATE TABLE `tblposition` (
  `PositionID` int(15) NOT NULL AUTO_INCREMENT,
  `PositionTitle` varchar(255) DEFAULT NULL,
  `PositionDesc` varchar(255) DEFAULT NULL,
  PRIMARY KEY (`PositionID`)
) ENGINE=InnoDB AUTO_INCREMENT=24 DEFAULT CHARSET=utf8;

/*Data for the table `tblposition` */

insert  into `tblposition`(`PositionID`,`PositionTitle`,`PositionDesc`) values (21,'Position Default','Position (Please Edit this Default Position)'),(22,'IT Head II','Info Tech Head 4'),(23,'System Admin','System Administrator');

/*Table structure for table `tbltimeconfiguration` */

DROP TABLE IF EXISTS `tbltimeconfiguration`;

CREATE TABLE `tbltimeconfiguration` (
  `TimeID` int(11) NOT NULL AUTO_INCREMENT,
  `MorningIn` time DEFAULT NULL,
  `MorningOut` time DEFAULT NULL,
  `AfternoonIn` time DEFAULT NULL,
  `AfternoonOut` time DEFAULT NULL,
  `Overtimein` time DEFAULT NULL,
  `Overtimeout` time DEFAULT NULL,
  PRIMARY KEY (`TimeID`)
) ENGINE=InnoDB AUTO_INCREMENT=3 DEFAULT CHARSET=utf8;

/*Data for the table `tbltimeconfiguration` */

insert  into `tbltimeconfiguration`(`TimeID`,`MorningIn`,`MorningOut`,`AfternoonIn`,`AfternoonOut`,`Overtimein`,`Overtimeout`) values (1,'08:00:00','12:00:00','13:00:00','17:00:00','00:00:17','05:00:00'),(2,'06:30:00','12:00:00','13:00:00','16:30:00','17:00:00','19:00:00');

/*Table structure for table `tbltypecode` */

DROP TABLE IF EXISTS `tbltypecode`;

CREATE TABLE `tbltypecode` (
  `TypeID` int(11) NOT NULL AUTO_INCREMENT,
  `OTType` varchar(50) DEFAULT NULL,
  `OTCode` varchar(50) DEFAULT NULL,
  `OTDesc` varchar(50) DEFAULT NULL,
  `RateMultiplier` decimal(10,2) DEFAULT NULL,
  PRIMARY KEY (`TypeID`)
) ENGINE=InnoDB AUTO_INCREMENT=13 DEFAULT CHARSET=latin1;

/*Data for the table `tbltypecode` */

insert  into `tbltypecode`(`TypeID`,`OTType`,`OTCode`,`OTDesc`,`RateMultiplier`) values (1,'Rot','1','Regular Overtime Hour',1.25),(2,'ND','2','Night Differential',1.37),(3,'RS','3','Regular Sunday',0.30),(4,'Sot','4','Sunday Overtime',1.69),(5,'Snd','5','Sunday Night Differential',1.86),(6,'LHR','6','Legal Holiday Regular',1.00),(7,'LHot','7','Legal Holiday Overtime',2.69),(8,'LHnd','8','Legal Holiday Night Differential',2.95),(9,'SLH','9','Sunday Legal Holiday',1.60),(10,'SHot','10','Sunday Holiday Overtime',3.38),(11,'SHnd','11','Sunday Holiday Night Differential',3.72),(12,'NP','12','Night Premium (For Shifting Duty)',0.10);

/*Table structure for table `tmpdtr` */

DROP TABLE IF EXISTS `tmpdtr`;

CREATE TABLE `tmpdtr` (
  `EmployeeID` varchar(250) DEFAULT NULL,
  `dtrDate` date DEFAULT NULL,
  `TimeInAM` time DEFAULT NULL,
  `TimeOutAM` time DEFAULT NULL,
  `TimeInPM` time DEFAULT NULL,
  `TimeOutPM` time DEFAULT NULL,
  `TimeInOT` time DEFAULT NULL,
  `TimeOutOT` time DEFAULT NULL,
  `CountLine` int(11) DEFAULT NULL,
  `RecordEditted` datetime DEFAULT NULL,
  `UserID` int(11) DEFAULT NULL,
  `RegularHour` decimal(10,2) NOT NULL DEFAULT '0.00',
  `OTHour` decimal(10,2) NOT NULL DEFAULT '0.00',
  `Rot` decimal(10,2) NOT NULL DEFAULT '0.00',
  `ND` decimal(10,2) NOT NULL DEFAULT '0.00',
  `RS` decimal(10,2) NOT NULL DEFAULT '0.00',
  `Sot` decimal(10,2) NOT NULL DEFAULT '0.00',
  `Snd` decimal(10,2) NOT NULL DEFAULT '0.00',
  `LHR` decimal(10,2) NOT NULL DEFAULT '0.00',
  `LHot` decimal(10,2) NOT NULL DEFAULT '0.00',
  `LHnd` decimal(10,2) NOT NULL DEFAULT '0.00',
  `SLH` decimal(10,2) NOT NULL DEFAULT '0.00',
  `Shot` decimal(10,2) NOT NULL DEFAULT '0.00',
  `SHnd` decimal(10,2) NOT NULL DEFAULT '0.00',
  `NP` decimal(10,2) NOT NULL DEFAULT '0.00',
  `DepartmentID` varchar(100) DEFAULT NULL,
  `TimeInNight` time DEFAULT NULL,
  `TimeOutNight` time DEFAULT NULL,
  `OTCode` varchar(50) DEFAULT NULL,
  `DtrDeficient` tinyint(1) NOT NULL DEFAULT '0',
  `Posted` tinyint(1) NOT NULL DEFAULT '0',
  `AdminGranted` varchar(250) DEFAULT NULL
) ENGINE=InnoDB DEFAULT CHARSET=latin1;

/*Data for the table `tmpdtr` */

insert  into `tmpdtr`(`EmployeeID`,`dtrDate`,`TimeInAM`,`TimeOutAM`,`TimeInPM`,`TimeOutPM`,`TimeInOT`,`TimeOutOT`,`CountLine`,`RecordEditted`,`UserID`,`RegularHour`,`OTHour`,`Rot`,`ND`,`RS`,`Sot`,`Snd`,`LHR`,`LHot`,`LHnd`,`SLH`,`Shot`,`SHnd`,`NP`,`DepartmentID`,`TimeInNight`,`TimeOutNight`,`OTCode`,`DtrDeficient`,`Posted`,`AdminGranted`) values ('00002','2017-07-06','06:03:00','11:47:00','11:49:00','17:02:00',NULL,NULL,1,NULL,NULL,8.00,0.00,0.00,0.00,0.00,0.00,0.00,0.00,0.00,0.00,0.00,0.00,0.00,0.00,'ZCP17',NULL,NULL,'',0,0,NULL),('00002','2017-07-07','07:21:00','12:05:00','12:05:00','16:35:00',NULL,NULL,2,NULL,NULL,7.58,0.00,0.00,0.00,0.00,0.00,0.00,0.00,0.00,0.00,0.00,0.00,0.00,0.00,'ZCP17',NULL,NULL,'',0,0,NULL),('00002','2017-07-08','06:16:00','11:38:00','11:40:00','16:43:00',NULL,NULL,3,NULL,NULL,8.00,0.00,0.00,0.00,0.00,0.00,0.00,0.00,0.00,0.00,0.00,0.00,0.00,0.00,'ZCP17',NULL,NULL,'',0,0,NULL),('00002','2017-07-10','06:48:00','12:15:00','12:15:00','18:34:00',NULL,NULL,4,NULL,NULL,8.00,0.00,0.00,0.00,0.00,0.00,0.00,0.00,0.00,0.00,0.00,0.00,0.00,0.00,'ZCP17',NULL,NULL,'',0,0,NULL),('00002','2017-07-11','06:07:00','12:50:00','12:50:00','16:27:00',NULL,NULL,5,NULL,NULL,8.00,0.00,0.00,0.00,0.00,0.00,0.00,0.00,0.00,0.00,0.00,0.00,0.00,0.00,'ZCP17',NULL,NULL,'',0,0,NULL),('00002','2017-07-12','05:03:00','11:36:00','11:38:00','14:20:00',NULL,NULL,6,NULL,NULL,6.83,0.00,0.00,0.00,0.00,0.00,0.00,0.00,0.00,0.00,0.00,0.00,0.00,0.00,'ZCP17',NULL,NULL,'',0,-1,NULL),('00412','2017-07-06','05:10:00','12:33:00','12:33:00','17:05:00','15:00:00','17:00:00',7,NULL,NULL,8.00,2.00,0.00,0.00,0.00,0.00,0.00,0.00,0.00,0.00,0.00,0.00,0.00,0.00,'ZCP03',NULL,NULL,'2',0,0,NULL),('00412','2017-07-07','05:41:00','12:14:00','12:14:00','17:12:00','15:30:00','17:00:00',8,NULL,NULL,8.00,1.50,0.00,0.00,0.00,0.00,0.00,0.00,0.00,0.00,0.00,0.00,0.00,0.00,'ZCP03',NULL,NULL,'2',0,0,NULL),('00412','2017-07-08','05:02:00','12:35:00','12:35:00','17:12:00','15:00:00','17:00:00',9,NULL,NULL,8.00,2.00,0.00,0.00,0.00,0.00,0.00,0.00,0.00,0.00,0.00,0.00,0.00,0.00,'ZCP03',NULL,NULL,'2',0,0,NULL),('00412','2017-07-09','04:36:00','12:34:00','12:35:00','17:04:00','14:00:00','17:00:00',10,NULL,NULL,8.00,3.00,0.00,0.00,0.00,0.00,0.00,0.00,0.00,0.00,0.00,0.00,0.00,0.00,'ZCP03',NULL,NULL,'2',0,0,NULL),('00412','2017-07-10','04:50:00','12:34:00','12:34:00','17:14:00','14:30:00','17:00:00',11,NULL,NULL,8.00,2.50,0.00,0.00,0.00,0.00,0.00,0.00,0.00,0.00,0.00,0.00,0.00,0.00,'ZCP03',NULL,NULL,'2',0,0,NULL),('00412','2017-07-11','04:52:00','12:29:00','12:29:00','17:14:00','14:30:00','17:00:00',12,NULL,NULL,8.00,2.50,0.00,0.00,0.00,0.00,0.00,0.00,0.00,0.00,0.00,0.00,0.00,0.00,'ZCP03',NULL,NULL,'2',0,0,NULL),('00412','2017-07-12','04:42:00',NULL,NULL,NULL,NULL,NULL,13,NULL,NULL,0.00,0.00,0.00,0.00,0.00,0.00,0.00,0.00,0.00,0.00,0.00,0.00,0.00,0.00,'ZCP03',NULL,NULL,'',0,-1,NULL),('00330','2017-07-06',NULL,NULL,NULL,NULL,'04:00:00','06:00:00',14,NULL,NULL,8.00,2.00,0.00,0.00,0.00,0.00,0.00,0.00,0.00,0.00,0.00,0.00,0.00,0.00,'ZCP04','18:32:00','04:00:00','2',0,0,NULL),('00330','2017-07-07',NULL,NULL,NULL,NULL,'04:00:00','06:00:00',15,NULL,NULL,8.00,2.00,0.00,0.00,0.00,0.00,0.00,0.00,0.00,0.00,0.00,0.00,0.00,0.00,'ZCP04','18:37:00','04:00:00','2',0,0,NULL),('00330','2017-07-08',NULL,NULL,NULL,NULL,NULL,NULL,16,NULL,NULL,8.00,0.00,0.00,0.00,0.00,0.00,0.00,0.00,0.00,0.00,0.00,0.00,0.00,0.00,'ZCP04','18:35:00','04:00:00','',0,0,NULL),('00330','2017-07-10',NULL,NULL,NULL,NULL,NULL,NULL,17,NULL,NULL,8.00,0.00,0.00,0.00,0.00,0.00,0.00,0.00,0.00,0.00,0.00,0.00,0.00,0.00,'ZCP04','18:27:00','04:00:00','',0,0,NULL),('00330','2017-07-11',NULL,NULL,NULL,NULL,NULL,NULL,18,NULL,NULL,8.00,0.00,0.00,0.00,0.00,0.00,0.00,0.00,0.00,0.00,0.00,0.00,0.00,0.00,'ZCP04','18:27:00','04:36:00','',0,0,NULL),('00330','2017-07-12',NULL,NULL,NULL,NULL,NULL,NULL,19,NULL,NULL,8.00,0.00,0.00,0.00,0.00,0.00,0.00,0.00,0.00,0.00,0.00,0.00,0.00,30.00,'ZCP04','18:31:00','04:08:00','',0,-1,NULL),('00004','2017-07-06','07:39:00','12:05:00','12:05:00','17:12:00',NULL,NULL,20,NULL,NULL,7.85,0.00,0.00,0.00,0.00,0.00,0.00,0.00,0.00,0.00,0.00,0.00,0.00,0.00,'ZCP04',NULL,NULL,'',0,0,NULL),('00004','2017-07-07','07:19:00','11:35:00','11:37:00','18:31:00','16:30:00','18:30:00',21,NULL,NULL,8.00,2.00,0.00,0.00,0.00,0.00,0.00,0.00,0.00,0.00,0.00,0.00,0.00,0.00,'ZCP04',NULL,NULL,'2',0,0,NULL),('00004','2017-07-08','07:15:00','12:02:00','12:02:00','17:04:00',NULL,NULL,22,NULL,NULL,8.00,0.00,0.00,0.00,0.00,0.00,0.00,0.00,0.00,0.00,0.00,0.00,0.00,0.00,'ZCP04',NULL,NULL,'',0,0,NULL),('00004','2017-07-09','07:19:00','11:35:00','11:37:00',NULL,NULL,NULL,23,NULL,NULL,4.00,0.00,0.00,0.00,0.00,0.00,0.00,0.00,0.00,0.00,0.00,0.00,0.00,0.00,'ZCP04',NULL,NULL,'',0,0,NULL),('00004','2017-07-10','07:54:00','11:46:00','11:49:00','16:45:00',NULL,NULL,24,NULL,NULL,7.35,0.00,0.00,0.00,0.00,0.00,0.00,0.00,0.00,0.00,0.00,0.00,0.00,0.00,'ZCP04',NULL,NULL,'',0,0,NULL),('00004','2017-07-11','07:35:00','12:01:00','12:01:00','18:04:00','17:00:00','18:00:00',25,NULL,NULL,8.00,0.92,0.00,0.00,0.00,0.00,0.00,0.00,0.00,0.00,0.00,0.00,0.00,0.00,'ZCP04',NULL,NULL,'2',0,0,NULL),('00004','2017-07-12','07:52:00','11:58:00','12:00:00','18:00:00',NULL,NULL,26,NULL,NULL,7.63,0.00,0.00,0.00,0.00,0.00,0.00,0.00,0.00,0.00,0.00,0.00,0.00,0.00,'ZCP04',NULL,NULL,'',0,-1,NULL),('00008','2017-07-06','06:30:00','11:58:00','12:00:00','17:02:00',NULL,NULL,27,NULL,NULL,8.00,0.00,0.00,0.00,0.00,0.00,0.00,0.00,0.00,0.00,0.00,0.00,0.00,0.00,'ZCP03',NULL,NULL,'',0,0,NULL),('00008','2017-07-07','06:54:00','11:46:00','11:48:00','17:14:00',NULL,NULL,28,NULL,NULL,8.00,0.00,0.00,0.00,0.00,0.00,0.00,0.00,0.00,0.00,0.00,0.00,0.00,0.00,'ZCP03',NULL,NULL,'',0,0,NULL),('00008','2017-07-08','08:53:00','11:43:00',NULL,NULL,NULL,NULL,29,NULL,NULL,2.83,0.00,0.00,0.00,0.00,0.00,0.00,0.00,0.00,0.00,0.00,0.00,0.00,0.00,'ZCP03',NULL,NULL,'',0,-1,NULL),('00298','2017-07-06','07:31:00','12:36:00','12:36:00','17:14:00','20:00:00','05:30:00',30,NULL,NULL,8.00,8.50,0.00,0.00,0.00,0.00,0.00,0.00,0.00,0.00,0.00,0.00,0.00,0.00,'ZCP04',NULL,NULL,'2',0,0,NULL),('00298','2017-07-07','06:36:00','11:55:00','11:57:00','17:05:00',NULL,NULL,31,NULL,NULL,8.00,0.00,0.00,0.00,0.00,0.00,0.00,0.00,0.00,0.00,0.00,0.00,0.00,0.00,'ZCP04',NULL,NULL,'',0,0,NULL),('00298','2017-07-10','07:11:00','11:44:00','11:46:00','17:14:00','20:00:00','05:00:00',32,NULL,NULL,8.00,8.00,0.00,0.00,0.00,0.00,0.00,0.00,0.00,0.00,0.00,0.00,0.00,0.00,'ZCP04',NULL,NULL,'2',0,0,NULL),('00298','2017-07-11','06:06:00','11:52:00','11:54:00','17:05:00',NULL,NULL,33,NULL,NULL,8.00,0.00,0.00,0.00,0.00,0.00,0.00,0.00,0.00,0.00,0.00,0.00,0.00,0.00,'ZCP04',NULL,NULL,'',0,0,NULL),('00298','2017-07-12','07:49:00','11:45:00','11:47:00','17:22:00','18:10:00','06:19:00',34,NULL,NULL,8.00,11.83,0.00,0.00,0.00,0.00,0.00,0.00,0.00,0.00,0.00,0.00,0.00,0.00,'ZCP04',NULL,NULL,'',0,-1,NULL),('00357','2017-07-06','07:58:00','12:00:00','12:00:00','17:01:00','19:47:00','05:06:00',35,NULL,NULL,8.00,7.85,0.00,0.00,0.00,0.00,0.00,0.00,0.00,0.00,0.00,0.00,0.00,0.00,'ZCP04',NULL,NULL,'2',0,0,NULL),('00357','2017-07-07','08:15:00','11:47:00','11:49:00','17:04:00',NULL,NULL,36,NULL,NULL,7.25,0.00,0.00,0.00,0.00,0.00,0.00,0.00,0.00,0.00,0.00,0.00,0.00,0.00,'ZCP04',NULL,NULL,'',0,0,NULL),('00357','2017-07-08','07:56:00','12:08:00','12:08:00','17:07:00',NULL,NULL,37,NULL,NULL,7.57,0.00,0.00,0.00,0.00,0.00,0.00,0.00,0.00,0.00,0.00,0.00,0.00,0.00,'ZCP04',NULL,NULL,'',0,0,NULL),('00357','2017-07-10','08:11:00','12:12:00','12:12:00','17:02:00',NULL,NULL,38,NULL,NULL,7.32,0.00,0.00,0.00,0.00,0.00,0.00,0.00,0.00,0.00,0.00,0.00,0.00,0.00,'ZCP04',NULL,NULL,'',0,0,NULL),('00357','2017-07-11','08:13:00','11:56:00','11:59:00','17:04:00','19:52:00','05:02:00',39,NULL,NULL,8.00,7.45,0.00,0.00,0.00,0.00,0.00,0.00,0.00,0.00,0.00,0.00,0.00,0.00,'ZCP04',NULL,NULL,'2',0,-1,NULL),('00015','2017-07-06','07:57:00','11:48:00','11:50:00','16:55:00',NULL,NULL,40,NULL,NULL,7.47,0.00,0.00,0.00,0.00,0.00,0.00,0.00,0.00,0.00,0.00,0.00,0.00,0.00,'ZCP04',NULL,NULL,'',0,0,NULL),('00015','2017-07-07','07:16:00','11:54:00','11:56:00','17:06:00',NULL,NULL,41,NULL,NULL,8.00,0.00,0.00,0.00,0.00,0.00,0.00,0.00,0.00,0.00,0.00,0.00,0.00,0.00,'ZCP04',NULL,NULL,'',0,0,NULL),('00015','2017-07-08','07:26:00','10:15:00',NULL,NULL,NULL,NULL,42,NULL,NULL,2.82,0.00,0.00,0.00,0.00,0.00,0.00,0.00,0.00,0.00,0.00,0.00,0.00,0.00,'ZCP04',NULL,NULL,'',0,0,NULL),('00015','2017-07-10','07:40:00','11:59:00','12:00:00','17:12:00',NULL,NULL,43,NULL,NULL,7.83,0.00,0.00,0.00,0.00,0.00,0.00,0.00,0.00,0.00,0.00,0.00,0.00,0.00,'ZCP04',NULL,NULL,'',0,0,NULL),('00015','2017-07-11','07:51:00','11:47:00','11:49:00','17:13:00','19:00:00','22:30:00',44,NULL,NULL,8.00,3.15,0.00,0.00,0.00,0.00,0.00,0.00,0.00,0.00,0.00,0.00,0.00,0.00,'ZCP04',NULL,NULL,'2',0,0,NULL),('00015','2017-07-12','07:33:00','11:56:00','11:58:00','17:00:00',NULL,NULL,45,NULL,NULL,7.95,0.00,0.00,0.00,0.00,0.00,0.00,0.00,0.00,0.00,0.00,0.00,0.00,0.00,'ZCP04',NULL,NULL,'',0,-1,NULL),('00016','2017-07-06','05:44:00','14:11:00',NULL,NULL,NULL,NULL,46,NULL,NULL,8.00,0.00,0.00,0.00,0.00,0.00,0.00,0.00,0.00,0.00,0.00,0.00,0.00,0.00,'ZCP17',NULL,NULL,'',0,0,NULL),('00016','2017-07-07','05:32:00','14:20:00',NULL,NULL,NULL,NULL,47,NULL,NULL,8.00,0.00,0.00,0.00,0.00,0.00,0.00,0.00,0.00,0.00,0.00,0.00,0.00,0.00,'ZCP17',NULL,NULL,'',0,0,NULL),('00016','2017-07-08','05:52:00','15:09:00',NULL,NULL,NULL,NULL,48,NULL,NULL,8.00,0.00,0.00,0.00,0.00,0.00,0.00,0.00,0.00,0.00,0.00,0.00,0.00,0.00,'ZCP17',NULL,NULL,'',0,0,NULL),('00016','2017-07-09','05:33:00','14:05:00',NULL,NULL,NULL,NULL,49,NULL,NULL,8.00,0.00,0.00,0.00,0.00,0.00,0.00,0.00,0.00,0.00,0.00,0.00,0.00,0.00,'ZCP17',NULL,NULL,'',0,0,NULL),('00016','2017-07-10','08:45:00','20:11:00',NULL,NULL,NULL,NULL,50,NULL,NULL,8.00,0.00,0.00,0.00,0.00,0.00,0.00,0.00,0.00,0.00,0.00,0.00,0.00,0.00,'ZCP17',NULL,NULL,'2',0,0,NULL),('00016','2017-07-11','11:05:00','20:13:00',NULL,NULL,NULL,NULL,51,NULL,NULL,8.00,0.00,0.00,0.00,0.00,0.00,0.00,0.00,0.00,0.00,0.00,0.00,0.00,0.00,'ZCP17',NULL,NULL,'2',0,0,NULL),('00016','2017-07-12','10:51:00','20:08:00',NULL,NULL,NULL,NULL,52,NULL,NULL,8.00,0.00,0.00,0.00,0.00,0.00,0.00,0.00,0.00,0.00,0.00,0.00,0.00,0.00,'ZCP17',NULL,NULL,'2',0,-1,NULL),('00388','2017-07-06','04:22:00','11:33:00','11:35:00','17:03:00','14:00:00','17:00:00',53,NULL,NULL,8.00,3.00,0.00,0.00,0.00,0.00,0.00,0.00,0.00,0.00,0.00,0.00,0.00,0.00,'ZCP03',NULL,NULL,'2',0,0,NULL),('00388','2017-07-07','04:29:00','11:30:00','11:32:00','17:04:00','14:00:00','17:00:00',54,NULL,NULL,8.00,3.00,0.00,0.00,0.00,0.00,0.00,0.00,0.00,0.00,0.00,0.00,0.00,0.00,'ZCP03',NULL,NULL,'2',0,0,NULL),('00388','2017-07-09','04:56:00','14:24:00','14:24:00','17:01:00','14:30:00','17:00:00',55,NULL,NULL,8.00,2.50,0.00,0.00,0.00,0.00,0.00,0.00,0.00,0.00,0.00,0.00,0.00,0.00,'ZCP03',NULL,NULL,'2',0,0,NULL),('00388','2017-07-10','05:04:00','11:31:00','11:33:00','17:13:00','14:30:00','17:00:00',56,NULL,NULL,8.00,2.50,0.00,0.00,0.00,0.00,0.00,0.00,0.00,0.00,0.00,0.00,0.00,0.00,'ZCP03',NULL,NULL,'2',0,0,NULL),('00388','2017-07-11','04:30:00','11:31:00','11:33:00','17:00:00','14:00:00','17:00:00',57,NULL,NULL,8.00,3.00,0.00,0.00,0.00,0.00,0.00,0.00,0.00,0.00,0.00,0.00,0.00,0.00,'ZCP03',NULL,NULL,'2',0,0,NULL),('00388','2017-07-12','04:55:00','11:30:00','11:32:00','17:02:00',NULL,NULL,58,NULL,NULL,8.00,0.00,0.00,0.00,0.00,0.00,0.00,0.00,0.00,0.00,0.00,0.00,0.00,0.00,'ZCP03',NULL,NULL,'',0,-1,NULL),('00385','2017-07-06','06:03:00','10:38:00',NULL,NULL,NULL,NULL,59,NULL,NULL,4.58,0.00,0.00,0.00,0.00,0.00,0.00,0.00,0.00,0.00,0.00,0.00,0.00,0.00,'ZCP01',NULL,NULL,'',0,0,NULL),('00385','2017-07-08','05:56:00','11:38:00','11:40:00','15:30:00',NULL,NULL,60,NULL,NULL,8.00,0.00,0.00,0.00,0.00,0.00,0.00,0.00,0.00,0.00,0.00,0.00,0.00,0.00,'ZCP01',NULL,NULL,'',0,0,NULL),('00385','2017-07-09','06:10:00','10:00:00',NULL,NULL,NULL,NULL,61,NULL,NULL,3.83,0.00,0.00,0.00,0.00,0.00,0.00,0.00,0.00,0.00,0.00,0.00,0.00,0.00,'ZCP01',NULL,NULL,'',0,-1,NULL),('00023','2017-07-06','08:05:00','11:50:00','11:52:00','17:01:00','19:15:00','06:00:00',62,NULL,NULL,8.00,9.00,0.00,0.00,0.00,0.00,0.00,0.00,0.00,0.00,0.00,0.00,0.00,0.00,'ZCP03',NULL,NULL,'2',0,0,NULL),('00023','2017-07-07','07:59:00','11:32:00',NULL,NULL,NULL,NULL,63,NULL,NULL,3.55,0.00,0.00,0.00,0.00,0.00,0.00,0.00,0.00,0.00,0.00,0.00,0.00,0.00,'ZCP03',NULL,NULL,'',0,0,NULL),('00023','2017-07-08','08:33:00','11:36:00',NULL,NULL,NULL,NULL,64,NULL,NULL,3.05,0.00,0.00,0.00,0.00,0.00,0.00,0.00,0.00,0.00,0.00,0.00,0.00,0.00,'ZCP03',NULL,NULL,'',0,0,NULL),('00023','2017-07-10','08:16:00','11:48:00','11:50:00','17:14:00','20:00:00','03:00:00',65,NULL,NULL,8.00,5.00,0.00,0.00,0.00,0.00,0.00,0.00,0.00,0.00,0.00,0.00,0.00,0.00,'ZCP03',NULL,NULL,'2',0,0,NULL),('00023','2017-07-11','07:58:00','12:08:00','12:08:00','18:27:00','19:30:00','06:00:00',66,NULL,NULL,8.00,11.00,0.00,0.00,0.00,0.00,0.00,0.00,0.00,0.00,0.00,0.00,0.00,0.00,'ZCP03',NULL,NULL,'2',0,0,NULL),('00023','2017-07-12','06:01:00','11:46:00','11:48:00','17:02:00','17:04:00','05:59:00',67,NULL,NULL,8.00,12.92,0.00,0.00,0.00,0.00,0.00,0.00,0.00,0.00,0.00,0.00,0.00,0.00,'ZCP03',NULL,NULL,'',0,-1,NULL),('00414','2017-07-06','07:49:00','11:50:00','13:14:00','17:01:00','19:33:00','00:30:00',68,NULL,NULL,8.00,4.40,0.00,0.00,0.00,0.00,0.00,0.00,0.00,0.00,0.00,0.00,0.00,0.00,'ZCP03',NULL,NULL,'2',0,0,NULL),('00414','2017-07-07','08:03:00','11:27:00','11:30:00','17:05:00','20:00:00','00:00:00',69,NULL,NULL,8.00,3.40,0.00,0.00,0.00,0.00,0.00,0.00,0.00,0.00,0.00,0.00,0.00,0.00,'ZCP03',NULL,NULL,'2',0,0,NULL),('00414','2017-07-08','08:15:00','11:02:00',NULL,NULL,NULL,NULL,70,NULL,NULL,2.78,0.00,0.00,0.00,0.00,0.00,0.00,0.00,0.00,0.00,0.00,0.00,0.00,0.00,'ZCP03',NULL,NULL,'2',0,0,NULL),('00414','2017-07-11','07:59:00','11:35:00','13:03:00','16:54:00','19:46:00','03:24:00',71,NULL,NULL,8.00,7.10,0.00,0.00,0.00,0.00,0.00,0.00,0.00,0.00,0.00,0.00,0.00,0.00,'ZCP03',NULL,NULL,'2',0,0,NULL),('00414','2017-07-12','08:01:00','11:30:00','11:35:00','17:00:00','19:00:00','01:15:00',72,NULL,NULL,8.00,5.73,0.00,0.00,0.00,0.00,0.00,0.00,0.00,0.00,0.00,0.00,0.00,0.00,'ZCP03',NULL,NULL,'2',0,-1,NULL),('00030','2017-07-06','06:00:00','11:33:00','11:35:00','17:03:00',NULL,NULL,73,NULL,NULL,8.00,0.00,0.00,0.00,0.00,0.00,0.00,0.00,0.00,0.00,0.00,0.00,0.00,0.00,'ZCP04',NULL,NULL,'',0,0,NULL),('00030','2017-07-07','07:22:00','11:36:00','11:42:00','17:12:00','20:00:00','05:00:00',74,NULL,NULL,8.00,8.00,0.00,0.00,0.00,0.00,0.00,0.00,0.00,0.00,0.00,0.00,0.00,0.00,'ZCP04',NULL,NULL,'2',0,0,NULL),('00030','2017-07-08','06:03:00','12:01:00','12:01:00','17:02:00',NULL,NULL,75,NULL,NULL,8.00,0.00,0.00,0.00,0.00,0.00,0.00,0.00,0.00,0.00,0.00,0.00,0.00,0.00,'ZCP04',NULL,NULL,'',0,0,NULL),('00030','2017-07-09','07:27:00','11:30:00','11:32:00','18:45:00','19:00:00','06:00:00',76,NULL,NULL,8.00,10.00,0.00,0.00,0.00,0.00,0.00,0.00,0.00,0.00,0.00,0.00,0.00,0.00,'ZCP04',NULL,NULL,'2',0,0,NULL),('00030','2017-07-10','06:04:00','11:36:00','11:59:00','17:05:00',NULL,NULL,77,NULL,NULL,8.00,0.00,0.00,0.00,0.00,0.00,0.00,0.00,0.00,0.00,0.00,0.00,0.00,0.00,'ZCP04',NULL,NULL,'',0,0,NULL),('00030','2017-07-11','06:41:00','11:49:00','11:51:00','19:18:00','19:00:00','22:00:00',78,NULL,NULL,8.00,3.00,0.00,0.00,0.00,0.00,0.00,0.00,0.00,0.00,0.00,0.00,0.00,0.00,'ZCP04',NULL,NULL,'2',0,0,NULL),('00030','2017-07-12','06:00:00','11:41:00','12:07:00','17:05:00',NULL,NULL,79,NULL,NULL,8.00,0.00,0.00,0.00,0.00,0.00,0.00,0.00,0.00,0.00,0.00,0.00,0.00,0.00,'ZCP04',NULL,NULL,'',0,-1,NULL),('00437','2017-07-06',NULL,NULL,NULL,NULL,'04:30:00','06:00:00',80,NULL,NULL,8.00,1.50,0.00,0.00,0.00,0.00,0.00,0.00,0.00,0.00,0.00,0.00,0.00,0.00,'ZCP16','19:18:00','06:08:00','',0,0,NULL),('00437','2017-07-07',NULL,NULL,NULL,NULL,'04:30:00','06:00:00',81,NULL,NULL,8.00,1.50,0.00,0.00,0.00,0.00,0.00,0.00,0.00,0.00,0.00,0.00,0.00,0.00,'ZCP16','19:12:00','06:00:00','2',0,0,NULL),('00437','2017-07-09',NULL,NULL,NULL,NULL,'04:30:00','06:00:00',82,NULL,NULL,8.00,1.50,0.00,0.00,0.00,0.00,0.00,0.00,0.00,0.00,0.00,0.00,0.00,0.00,'ZCP16','19:24:00','06:01:00','2',0,0,NULL),('00437','2017-07-10',NULL,NULL,NULL,NULL,NULL,NULL,83,NULL,NULL,8.00,0.00,0.00,0.00,0.00,0.00,0.00,0.00,0.00,0.00,0.00,0.00,0.00,0.00,'ZCP16','19:15:00','06:04:00','',0,0,NULL),('00437','2017-07-11',NULL,NULL,NULL,NULL,NULL,NULL,84,NULL,NULL,8.00,0.00,0.00,0.00,0.00,0.00,0.00,0.00,0.00,0.00,0.00,0.00,0.00,0.00,'ZCP16','19:10:00','06:01:00','',0,0,NULL),('00437','2017-07-12',NULL,NULL,NULL,NULL,NULL,NULL,85,NULL,NULL,8.00,0.00,0.00,0.00,0.00,0.00,0.00,0.00,0.00,0.00,0.00,0.00,0.00,0.00,'ZCP16','19:12:00','06:05:00','',0,0,NULL),('00317','2017-07-06','05:38:00','13:06:00','13:06:00','17:02:00','19:00:00','03:00:00',86,NULL,NULL,8.00,7.00,0.00,0.00,0.00,0.00,0.00,0.00,0.00,0.00,0.00,0.00,0.00,0.00,'ZCP03',NULL,NULL,'2',0,0,NULL),('00317','2017-07-07','05:43:00','11:53:00','11:55:00','17:22:00',NULL,NULL,87,NULL,NULL,8.00,0.00,0.00,0.00,0.00,0.00,0.00,0.00,0.00,0.00,0.00,0.00,0.00,0.00,'ZCP03',NULL,NULL,'',0,0,NULL),('00317','2017-07-08','08:43:00','12:24:00','12:24:00','17:38:00',NULL,NULL,88,NULL,NULL,6.78,0.00,0.00,0.00,0.00,0.00,0.00,0.00,0.00,0.00,0.00,0.00,0.00,0.00,'ZCP03',NULL,NULL,'',0,0,NULL),('00317','2017-07-10','08:46:00','11:58:00','12:00:00','17:14:00',NULL,NULL,89,NULL,NULL,6.73,0.00,0.00,0.00,0.00,0.00,0.00,0.00,0.00,0.00,0.00,0.00,0.00,0.00,'ZCP03',NULL,NULL,'',0,0,NULL),('00317','2017-07-11','08:48:00','11:30:00',NULL,NULL,NULL,NULL,90,NULL,NULL,2.70,0.00,0.00,0.00,0.00,0.00,0.00,0.00,0.00,0.00,0.00,0.00,0.00,0.00,'ZCP03',NULL,NULL,'',0,0,NULL),('00317','2017-07-12','08:33:00','12:04:00','12:04:00','17:18:00','17:20:00','05:40:00',91,NULL,NULL,8.00,11.28,0.00,0.00,0.00,0.00,0.00,0.00,0.00,0.00,0.00,0.00,0.00,0.00,'ZCP03',NULL,NULL,'',0,-1,NULL),('00041','2017-07-06','07:12:00','11:30:00',NULL,NULL,NULL,NULL,92,NULL,NULL,4.30,0.00,0.00,0.00,0.00,0.00,0.00,0.00,0.00,0.00,0.00,0.00,0.00,0.00,'ZCP04',NULL,NULL,'',0,0,NULL),('00041','2017-07-07','08:11:00','11:45:00','11:47:00','18:09:00',NULL,NULL,93,NULL,NULL,7.32,0.00,0.00,0.00,0.00,0.00,0.00,0.00,0.00,0.00,0.00,0.00,0.00,0.00,'ZCP04',NULL,NULL,'',0,0,NULL),('00041','2017-07-10','07:22:00','12:03:00','12:03:00','17:49:00',NULL,NULL,94,NULL,NULL,8.00,0.00,0.00,0.00,0.00,0.00,0.00,0.00,0.00,0.00,0.00,0.00,0.00,0.00,'ZCP04',NULL,NULL,'',0,0,NULL),('00041','2017-07-11','07:25:00','11:48:00','11:50:00','17:00:00',NULL,NULL,95,NULL,NULL,8.00,0.00,0.00,0.00,0.00,0.00,0.00,0.00,0.00,0.00,0.00,0.00,0.00,0.00,'ZCP04',NULL,NULL,'',0,0,NULL),('00041','2017-07-12','07:18:00','12:13:00','12:13:00','18:21:00',NULL,NULL,96,NULL,NULL,8.00,0.00,0.00,0.00,0.00,0.00,0.00,0.00,0.00,0.00,0.00,0.00,0.00,0.00,'ZCP04',NULL,NULL,'',0,-1,NULL),('00042','2017-07-07',NULL,NULL,'12:46:00',NULL,NULL,NULL,97,NULL,NULL,0.00,0.00,0.00,0.00,0.00,0.00,0.00,0.00,0.00,0.00,0.00,0.00,0.00,0.00,'ZCP03',NULL,NULL,'',0,-1,NULL),('00043','2017-07-08','09:18:00','12:21:00','12:21:00','18:14:00',NULL,NULL,98,NULL,NULL,6.20,0.00,0.00,0.00,0.00,0.00,0.00,0.00,0.00,0.00,0.00,0.00,0.00,0.00,'ZCP03',NULL,NULL,'',0,0,NULL),('00043','2017-07-10','09:29:00','13:05:00','13:05:00','17:13:00',NULL,NULL,99,NULL,NULL,5.93,0.00,0.00,0.00,0.00,0.00,0.00,0.00,0.00,0.00,0.00,0.00,0.00,0.00,'ZCP03',NULL,NULL,'',0,0,NULL),('00043','2017-07-11','08:40:00','13:13:00','13:14:00','16:37:00',NULL,NULL,100,NULL,NULL,6.22,0.00,0.00,0.00,0.00,0.00,0.00,0.00,0.00,0.00,0.00,0.00,0.00,0.00,'ZCP03',NULL,NULL,'',0,0,NULL),('00043','2017-07-12','09:02:00','11:48:00','11:53:00','17:05:00',NULL,NULL,101,NULL,NULL,6.47,0.00,0.00,0.00,0.00,0.00,0.00,0.00,0.00,0.00,0.00,0.00,0.00,0.00,'ZCP03',NULL,NULL,'',0,-1,NULL),('00413','2017-07-06','07:43:00','11:43:00','11:46:00','17:01:00',NULL,NULL,102,NULL,NULL,7.78,0.00,0.00,0.00,0.00,0.00,0.00,0.00,0.00,0.00,0.00,0.00,0.00,0.00,'ZCP03',NULL,NULL,'',0,0,NULL),('00413','2017-07-07','07:34:00','11:49:00','11:51:00','18:25:00','17:00:00','18:25:00',103,NULL,NULL,8.00,1.35,0.00,0.00,0.00,0.00,0.00,0.00,0.00,0.00,0.00,0.00,0.00,0.00,'ZCP03',NULL,NULL,'2',0,0,NULL),('00413','2017-07-08','07:59:00','11:40:00','11:43:00','17:09:00',NULL,NULL,104,NULL,NULL,7.52,0.00,0.00,0.00,0.00,0.00,0.00,0.00,0.00,0.00,0.00,0.00,0.00,0.00,'ZCP03',NULL,NULL,'',0,0,NULL),('00413','2017-07-10','07:22:00','11:36:00','11:38:00','17:13:00',NULL,NULL,105,NULL,NULL,8.00,0.00,0.00,0.00,0.00,0.00,0.00,0.00,0.00,0.00,0.00,0.00,0.00,0.00,'ZCP03',NULL,NULL,'',0,0,NULL),('00413','2017-07-11','07:37:00','11:40:00','11:42:00','17:01:00','19:24:00','22:45:00',106,NULL,NULL,8.00,3.23,0.00,0.00,0.00,0.00,0.00,0.00,0.00,0.00,0.00,0.00,0.00,0.00,'ZCP03',NULL,NULL,'2',0,0,NULL),('00413','2017-07-12','07:30:00','11:39:00','11:41:00','17:15:00','19:35:00','03:04:00',107,NULL,NULL,8.00,7.48,0.00,0.00,0.00,0.00,0.00,0.00,0.00,0.00,0.00,0.00,0.00,0.00,'ZCP03',NULL,NULL,'',0,-1,NULL),('00354','2017-07-06','05:35:00','11:40:00','11:59:00','16:45:00','20:00:00','05:30:00',108,NULL,NULL,8.00,8.50,0.00,0.00,0.00,0.00,0.00,0.00,0.00,0.00,0.00,0.00,0.00,0.00,'ZCP04',NULL,NULL,'2',0,0,NULL),('00354','2017-07-07','05:52:00','11:46:00','12:13:00','17:10:00','19:30:00','04:30:00',109,NULL,NULL,8.00,8.00,0.00,0.00,0.00,0.00,0.00,0.00,0.00,0.00,0.00,0.00,0.00,0.00,'ZCP04',NULL,NULL,'2',0,0,NULL),('00354','2017-07-08','07:13:00','11:37:00','11:55:00','16:43:00',NULL,NULL,110,NULL,NULL,7.72,0.00,0.00,0.00,0.00,0.00,0.00,0.00,0.00,0.00,0.00,0.00,0.00,0.00,'ZCP04',NULL,NULL,'',0,0,NULL),('00354','2017-07-09','07:41:00','12:56:00','12:56:00','18:55:00','20:00:00','05:00:00',111,NULL,NULL,8.00,7.82,0.00,0.00,0.00,0.00,0.00,0.00,0.00,0.00,0.00,0.00,0.00,0.00,'ZCP04',NULL,NULL,'2',0,0,NULL),('00354','2017-07-10','07:16:00','11:52:00','11:54:00','18:09:00','20:00:00','04:00:00',112,NULL,NULL,8.00,7.00,0.00,0.00,0.00,0.00,0.00,0.00,0.00,0.00,0.00,0.00,0.00,0.00,'ZCP04',NULL,NULL,'2',0,0,NULL),('00354','2017-07-11','07:36:00','11:58:00','12:00:00','18:55:00','19:00:00','05:35:00',113,NULL,NULL,8.00,9.48,0.00,0.00,0.00,0.00,0.00,0.00,0.00,0.00,0.00,0.00,0.00,0.00,'ZCP04',NULL,NULL,'2',0,0,NULL),('00354','2017-07-12','07:48:00','11:40:00',NULL,NULL,NULL,NULL,114,NULL,NULL,3.87,0.00,0.00,0.00,0.00,0.00,0.00,0.00,0.00,0.00,0.00,0.00,0.00,0.00,'ZCP04',NULL,NULL,'',0,-1,NULL),('00375','2017-07-06','06:07:00','11:30:00','11:32:00','15:37:00',NULL,NULL,115,NULL,NULL,8.00,0.00,0.00,0.00,0.00,0.00,0.00,0.00,0.00,0.00,0.00,0.00,0.00,0.00,'ZCP01',NULL,NULL,'',0,0,NULL),('00375','2017-07-07','06:23:00','12:03:00','12:03:00','15:43:00',NULL,NULL,116,NULL,NULL,8.00,0.00,0.00,0.00,0.00,0.00,0.00,0.00,0.00,0.00,0.00,0.00,0.00,0.00,'ZCP01',NULL,NULL,'',0,0,NULL),('00375','2017-07-08','06:17:00','11:30:00','11:32:00','15:31:00',NULL,NULL,117,NULL,NULL,8.00,0.00,0.00,0.00,0.00,0.00,0.00,0.00,0.00,0.00,0.00,0.00,0.00,0.00,'ZCP01',NULL,NULL,'',0,0,NULL),('00375','2017-07-09','06:16:00','10:00:00',NULL,NULL,NULL,NULL,118,NULL,NULL,3.73,0.00,0.00,0.00,0.00,0.00,0.00,0.00,0.00,0.00,0.00,0.00,0.00,0.00,'ZCP01',NULL,NULL,'',0,0,NULL),('00375','2017-07-10','06:26:00','11:45:00','11:47:00','15:32:00',NULL,NULL,119,NULL,NULL,8.00,0.00,0.00,0.00,0.00,0.00,0.00,0.00,0.00,0.00,0.00,0.00,0.00,0.00,'ZCP01',NULL,NULL,'',0,0,NULL),('00375','2017-07-11','06:04:00','11:49:00','11:51:00','15:30:00',NULL,NULL,120,NULL,NULL,8.00,0.00,0.00,0.00,0.00,0.00,0.00,0.00,0.00,0.00,0.00,0.00,0.00,0.00,'ZCP01',NULL,NULL,'',0,0,NULL),('00375','2017-07-12','06:03:00','11:30:00','11:32:00','15:30:00',NULL,NULL,121,NULL,NULL,8.00,0.00,0.00,0.00,0.00,0.00,0.00,0.00,0.00,0.00,0.00,0.00,0.00,0.00,'ZCP01',NULL,NULL,'',0,-1,NULL),('00355','2017-07-07','06:00:00','11:42:00','11:44:00','17:07:00','15:30:00','17:00:00',122,NULL,NULL,8.00,1.50,0.00,0.00,0.00,0.00,0.00,0.00,0.00,0.00,0.00,0.00,0.00,0.00,'ZCP04',NULL,NULL,'2',0,0,NULL),('00355','2017-07-08','05:51:00','11:35:00','11:37:00','17:00:00','16:00:00','17:00:00',123,NULL,NULL,8.00,1.00,0.00,0.00,0.00,0.00,0.00,0.00,0.00,0.00,0.00,0.00,0.00,0.00,'ZCP04',NULL,NULL,'2',0,0,NULL),('00355','2017-07-09','05:49:00','11:40:00','11:42:00','14:31:00',NULL,NULL,124,NULL,NULL,7.02,0.00,0.00,0.00,0.00,0.00,0.00,0.00,0.00,0.00,0.00,0.00,0.00,0.00,'ZCP04',NULL,NULL,'',0,0,NULL),('00355','2017-07-10','05:52:00','11:30:00','11:32:00','17:01:00','15:30:00','17:00:00',125,NULL,NULL,8.00,1.50,0.00,0.00,0.00,0.00,0.00,0.00,0.00,0.00,0.00,0.00,0.00,0.00,'ZCP04',NULL,NULL,'2',0,0,NULL),('00355','2017-07-11','05:57:00','11:48:00','11:50:00','17:14:00','17:00:00','00:00:00',126,NULL,NULL,8.00,7.00,0.00,0.00,0.00,0.00,0.00,0.00,0.00,0.00,0.00,0.00,0.00,0.00,'ZCP04',NULL,NULL,'2',0,0,NULL),('00355','2017-07-12','06:44:00','11:49:00','11:51:00','17:38:00',NULL,NULL,127,NULL,NULL,8.00,0.00,0.00,0.00,0.00,0.00,0.00,0.00,0.00,0.00,0.00,0.00,0.00,0.00,'ZCP04',NULL,NULL,'',0,-1,NULL),('00325','2017-07-06','06:04:00','11:30:00','11:32:00',NULL,NULL,NULL,128,NULL,NULL,5.50,0.00,0.00,0.00,0.00,0.00,0.00,0.00,0.00,0.00,0.00,0.00,0.00,0.00,'ZCP04',NULL,NULL,'',0,0,NULL),('00325','2017-07-07','06:20:00','11:54:00','11:56:00','16:14:00','15:30:00','16:00:00',129,NULL,NULL,8.00,0.50,0.00,0.00,0.00,0.00,0.00,0.00,0.00,0.00,0.00,0.00,0.00,0.00,'ZCP04',NULL,NULL,'2',0,0,NULL),('00325','2017-07-08','06:58:00','12:25:00','12:25:00','15:30:00',NULL,NULL,130,NULL,NULL,6.50,0.00,0.00,0.00,0.00,0.00,0.00,0.00,0.00,0.00,0.00,0.00,0.00,0.00,'ZCP04',NULL,NULL,'',0,0,NULL),('00325','2017-07-10','06:25:00','12:12:00','12:12:00','16:32:00','16:00:00','16:30:00',131,NULL,NULL,8.00,0.50,0.00,0.00,0.00,0.00,0.00,0.00,0.00,0.00,0.00,0.00,0.00,0.00,'ZCP04',NULL,NULL,'2',0,0,NULL),('00325','2017-07-11','06:38:00','11:57:00','11:59:00','17:08:00','16:00:00','17:00:00',132,NULL,NULL,8.00,1.00,0.00,0.00,0.00,0.00,0.00,0.00,0.00,0.00,0.00,0.00,0.00,0.00,'ZCP04',NULL,NULL,'2',0,0,NULL),('00325','2017-07-12','06:39:00','11:54:00','11:58:00','17:00:00','16:00:00','17:00:00',133,NULL,NULL,8.00,1.00,0.00,0.00,0.00,0.00,0.00,0.00,0.00,0.00,0.00,0.00,0.00,0.00,'ZCP04',NULL,NULL,'2',0,-1,NULL),('00288','2017-07-06',NULL,NULL,NULL,NULL,NULL,NULL,134,NULL,NULL,8.00,0.00,0.00,0.00,0.00,0.00,0.00,0.00,0.00,0.00,0.00,0.00,0.00,0.00,'ZCP04','19:03:00','04:39:00','',0,0,NULL),('00288','2017-07-07',NULL,NULL,NULL,NULL,NULL,NULL,135,NULL,NULL,8.00,0.00,0.00,0.00,0.00,0.00,0.00,0.00,0.00,0.00,0.00,0.00,0.00,0.00,'ZCP04','19:01:00','04:41:00','',0,0,NULL),('00288','2017-07-08',NULL,NULL,NULL,NULL,'04:00:00','06:00:00',136,NULL,NULL,8.00,2.00,0.00,0.00,0.00,0.00,0.00,0.00,0.00,0.00,0.00,0.00,0.00,35.00,'ZCP04','19:05:00','06:05:00','2',0,0,NULL),('00288','2017-07-09',NULL,NULL,NULL,NULL,NULL,NULL,137,NULL,NULL,4.73,0.00,0.00,0.00,0.00,0.00,0.00,0.00,0.00,0.00,0.00,0.00,0.00,0.00,'ZCP04','19:18:00','00:02:00','',0,0,NULL),('00288','2017-07-10',NULL,NULL,NULL,NULL,'04:00:00','05:54:00',138,NULL,NULL,8.00,1.90,0.00,0.00,0.00,0.00,0.00,0.00,0.00,0.00,0.00,0.00,0.00,0.00,'ZCP04','19:08:00','05:54:00','2',0,0,NULL),('00288','2017-07-11',NULL,NULL,NULL,NULL,'04:00:00','05:30:00',139,NULL,NULL,8.00,1.50,0.00,0.00,0.00,0.00,0.00,0.00,0.00,0.00,0.00,0.00,0.00,0.00,'ZCP04','18:43:00','05:37:00','2',0,0,NULL),('00288','2017-07-12',NULL,NULL,NULL,NULL,NULL,NULL,140,NULL,NULL,8.00,0.00,0.00,0.00,0.00,0.00,0.00,0.00,0.00,0.00,0.00,0.00,0.00,0.00,'ZCP04','18:58:00','05:27:00','',0,-1,NULL),('00062','2017-07-06','06:21:00','11:50:00','11:52:00','18:00:00','16:00:00','18:00:00',141,NULL,NULL,8.00,2.00,0.00,0.00,0.00,0.00,0.00,0.00,0.00,0.00,0.00,0.00,0.00,0.00,'ZCP04',NULL,NULL,'2',0,0,NULL),('00062','2017-07-07','06:31:00','12:20:00','12:20:00','18:30:00','16:00:00','18:30:00',142,NULL,NULL,8.00,2.50,0.00,0.00,0.00,0.00,0.00,0.00,0.00,0.00,0.00,0.00,0.00,0.00,'ZCP04',NULL,NULL,'2',0,0,NULL),('00062','2017-07-08','06:27:00','11:34:00','11:36:00','18:30:00','16:00:00','18:30:00',143,NULL,NULL,8.00,2.50,0.00,0.00,0.00,0.00,0.00,0.00,0.00,0.00,0.00,0.00,0.00,0.00,'ZCP04',NULL,NULL,'2',0,0,NULL),('00062','2017-07-11','06:29:00','11:48:00','11:51:00','18:30:00','16:00:00','18:30:00',144,NULL,NULL,8.00,2.50,0.00,0.00,0.00,0.00,0.00,0.00,0.00,0.00,0.00,0.00,0.00,0.00,'ZCP04',NULL,NULL,'2',0,0,NULL),('00062','2017-07-12','06:29:00','11:37:00','11:39:00','18:30:00',NULL,NULL,145,NULL,NULL,8.00,0.00,0.00,0.00,0.00,0.00,0.00,0.00,0.00,0.00,0.00,0.00,0.00,0.00,'ZCP04',NULL,NULL,'',0,-1,NULL),('00063','2017-07-06','07:58:00','11:59:00','12:00:00','19:01:00','17:00:00','19:00:00',146,NULL,NULL,8.00,1.53,0.00,0.00,0.00,0.00,0.00,0.00,0.00,0.00,0.00,0.00,0.00,0.00,'ZCP04',NULL,NULL,'2',0,0,NULL),('00063','2017-07-07','08:30:00','11:58:00','12:00:00','19:06:00','17:00:00','19:00:00',147,NULL,NULL,8.00,1.00,0.00,0.00,0.00,0.00,0.00,0.00,0.00,0.00,0.00,0.00,0.00,0.00,'ZCP04',NULL,NULL,'2',0,0,NULL),('00063','2017-07-08','08:06:00','11:58:00','12:00:00','18:32:00','17:00:00','18:32:00',148,NULL,NULL,8.00,0.93,0.00,0.00,0.00,0.00,0.00,0.00,0.00,0.00,0.00,0.00,0.00,0.00,'ZCP04',NULL,NULL,'2',0,0,NULL),('00063','2017-07-09','07:36:00','14:23:00','14:23:00','18:31:00','17:00:00','18:30:00',149,NULL,NULL,8.00,1.50,0.00,0.00,0.00,0.00,0.00,0.00,0.00,0.00,0.00,0.00,0.00,0.00,'ZCP04',NULL,NULL,'2',0,0,NULL),('00063','2017-07-10','08:35:00','11:49:00','11:51:00','19:01:00','17:00:00','19:00:00',150,NULL,NULL,8.00,0.92,0.00,0.00,0.00,0.00,0.00,0.00,0.00,0.00,0.00,0.00,0.00,0.00,'ZCP04',NULL,NULL,'2',0,0,NULL),('00063','2017-07-11','08:28:00','11:52:00','11:54:00','19:03:00','17:00:00','19:00:00',151,NULL,NULL,8.00,1.03,0.00,0.00,0.00,0.00,0.00,0.00,0.00,0.00,0.00,0.00,0.00,0.00,'ZCP04',NULL,NULL,'2',0,0,NULL),('00063','2017-07-12','07:51:00','12:18:00','12:18:00','19:00:00',NULL,NULL,152,NULL,NULL,7.65,0.00,0.00,0.00,0.00,0.00,0.00,0.00,0.00,0.00,0.00,0.00,0.00,0.00,'ZCP04',NULL,NULL,'',0,-1,NULL),('00072','2017-07-06','08:22:00','13:45:00','13:45:00','18:53:00',NULL,NULL,153,NULL,NULL,6.38,0.00,0.00,0.00,0.00,0.00,0.00,0.00,0.00,0.00,0.00,0.00,0.00,0.00,'ZCP10',NULL,NULL,'',0,0,NULL),('00072','2017-07-07','07:50:00','13:00:00','13:00:00','18:31:00',NULL,NULL,154,NULL,NULL,7.67,0.00,0.00,0.00,0.00,0.00,0.00,0.00,0.00,0.00,0.00,0.00,0.00,0.00,'ZCP10',NULL,NULL,'',0,0,NULL),('00072','2017-07-08','08:51:00','12:04:00','12:04:00',NULL,NULL,NULL,155,NULL,NULL,2.65,0.00,0.00,0.00,0.00,0.00,0.00,0.00,0.00,0.00,0.00,0.00,0.00,0.00,'ZCP10',NULL,NULL,'',0,0,NULL),('00072','2017-07-10','05:16:00','12:27:00','12:27:00','23:38:00',NULL,NULL,156,NULL,NULL,8.00,0.00,0.00,0.00,0.00,0.00,0.00,0.00,0.00,0.00,0.00,0.00,0.00,0.00,'ZCP10',NULL,NULL,'',0,0,NULL),('00072','2017-07-11','07:58:00','13:03:00','13:03:00','18:21:00',NULL,NULL,157,NULL,NULL,7.48,0.00,0.00,0.00,0.00,0.00,0.00,0.00,0.00,0.00,0.00,0.00,0.00,0.00,'ZCP10',NULL,NULL,'',0,0,NULL),('00072','2017-07-12','05:51:00','11:30:00','13:00:00','18:20:00',NULL,NULL,158,NULL,NULL,8.00,0.00,0.00,0.00,0.00,0.00,0.00,0.00,0.00,0.00,0.00,0.00,0.00,0.00,'ZCP10',NULL,NULL,'2',0,-1,NULL),('00084','2017-07-06','07:39:00','11:31:00','11:33:00','18:00:00','17:00:00','18:00:00',159,NULL,NULL,8.00,0.85,0.00,0.00,0.00,0.00,0.00,0.00,0.00,0.00,0.00,0.00,0.00,0.00,'ZCP03',NULL,NULL,'2',0,0,NULL),('00084','2017-07-07','07:29:00','11:30:00','11:32:00','18:00:00','17:00:00','18:00:00',160,NULL,NULL,8.00,1.00,0.00,0.00,0.00,0.00,0.00,0.00,0.00,0.00,0.00,0.00,0.00,0.00,'ZCP03',NULL,NULL,'2',0,0,NULL),('00084','2017-07-08','07:37:00','11:36:00','11:38:00','17:12:00',NULL,NULL,161,NULL,NULL,7.88,0.00,0.00,0.00,0.00,0.00,0.00,0.00,0.00,0.00,0.00,0.00,0.00,0.00,'ZCP03',NULL,NULL,'',0,0,NULL),('00084','2017-07-10','07:29:00','11:38:00','11:40:00','17:00:00',NULL,NULL,162,NULL,NULL,8.00,0.00,0.00,0.00,0.00,0.00,0.00,0.00,0.00,0.00,0.00,0.00,0.00,0.00,'ZCP03',NULL,NULL,'',0,0,NULL),('00084','2017-07-11','07:34:00','11:34:00','11:36:00','17:00:00',NULL,NULL,163,NULL,NULL,7.93,0.00,0.00,0.00,0.00,0.00,0.00,0.00,0.00,0.00,0.00,0.00,0.00,0.00,'ZCP03',NULL,NULL,'',0,0,NULL),('00084','2017-07-12','07:28:00','11:36:00','11:38:00','17:32:00',NULL,NULL,164,NULL,NULL,8.00,0.00,0.00,0.00,0.00,0.00,0.00,0.00,0.00,0.00,0.00,0.00,0.00,0.00,'ZCP03',NULL,NULL,'',0,-1,NULL),('00088','2017-07-06','06:52:00','11:35:00','11:37:00','16:00:00',NULL,NULL,165,NULL,NULL,8.00,0.00,0.00,0.00,0.00,0.00,0.00,0.00,0.00,0.00,0.00,0.00,0.00,0.00,'ZCP17',NULL,NULL,'',0,0,NULL),('00088','2017-07-07','06:56:00','11:30:00','11:32:00','16:00:00',NULL,NULL,166,NULL,NULL,7.00,0.00,0.00,0.00,0.00,0.00,0.00,0.00,0.00,0.00,0.00,0.00,0.00,0.00,'ZCP17',NULL,NULL,'',0,0,NULL),('00088','2017-07-08','06:58:00','11:30:00','11:32:00','16:07:00',NULL,NULL,167,NULL,NULL,7.12,0.00,0.00,0.00,0.00,0.00,0.00,0.00,0.00,0.00,0.00,0.00,0.00,0.00,'ZCP17',NULL,NULL,'',0,0,NULL),('00088','2017-07-10','06:52:00','11:30:00','11:32:00','16:02:00',NULL,NULL,168,NULL,NULL,8.00,0.00,0.00,0.00,0.00,0.00,0.00,0.00,0.00,0.00,0.00,0.00,0.00,0.00,'ZCP17',NULL,NULL,'',0,0,NULL),('00088','2017-07-11','06:58:00','11:48:00','11:50:00','16:00:00',NULL,NULL,169,NULL,NULL,7.00,0.00,0.00,0.00,0.00,0.00,0.00,0.00,0.00,0.00,0.00,0.00,0.00,0.00,'ZCP17',NULL,NULL,'',0,0,NULL),('00088','2017-07-12','07:02:00','12:24:00','12:24:00','16:06:00',NULL,NULL,170,NULL,NULL,7.10,0.00,0.00,0.00,0.00,0.00,0.00,0.00,0.00,0.00,0.00,0.00,0.00,0.00,'ZCP17',NULL,NULL,'',0,-1,NULL),('00374','2017-07-06','06:37:00','11:33:00','11:35:00','15:33:00',NULL,NULL,171,NULL,NULL,8.00,0.00,0.00,0.00,0.00,0.00,0.00,0.00,0.00,0.00,0.00,0.00,0.00,0.00,'ZCP01',NULL,NULL,'',0,0,NULL),('00374','2017-07-10','06:37:00','11:32:00','11:34:00','15:57:00',NULL,NULL,172,NULL,NULL,8.00,0.00,0.00,0.00,0.00,0.00,0.00,0.00,0.00,0.00,0.00,0.00,0.00,0.00,'ZCP01',NULL,NULL,'',0,0,NULL),('00374','2017-07-11','06:52:00','11:47:00','11:50:00','15:30:00',NULL,NULL,173,NULL,NULL,8.00,0.00,0.00,0.00,0.00,0.00,0.00,0.00,0.00,0.00,0.00,0.00,0.00,0.00,'ZCP01',NULL,NULL,'',0,0,NULL),('00374','2017-07-12','06:39:00','11:35:00','11:38:00','15:30:00',NULL,NULL,174,NULL,NULL,8.00,0.00,0.00,0.00,0.00,0.00,0.00,0.00,0.00,0.00,0.00,0.00,0.00,0.00,'ZCP01',NULL,NULL,'',0,-1,NULL),('00382','2017-07-06',NULL,NULL,NULL,NULL,'04:00:00','06:00:00',175,NULL,NULL,8.00,2.00,0.00,0.00,0.00,0.00,0.00,0.00,0.00,0.00,0.00,0.00,0.00,20.00,'ZCP04','18:33:00','07:31:00','2',0,0,NULL),('00382','2017-07-08',NULL,NULL,NULL,NULL,'04:30:00','06:00:00',176,NULL,NULL,8.00,1.50,0.00,0.00,0.00,0.00,0.00,0.00,0.00,0.00,0.00,0.00,0.00,0.00,'ZCP04','19:23:00','07:00:00','2',0,0,NULL),('00382','2017-07-09','07:51:00','07:53:00',NULL,NULL,NULL,NULL,177,NULL,NULL,0.03,0.00,0.00,0.00,0.00,0.00,0.00,0.00,0.00,0.00,0.00,0.00,0.00,0.00,'ZCP04',NULL,NULL,'',0,0,NULL),('00382','2017-07-11',NULL,NULL,NULL,NULL,'04:00:00','06:00:00',178,NULL,NULL,8.00,2.00,0.00,0.00,0.00,0.00,0.00,0.00,0.00,0.00,0.00,0.00,0.00,0.00,'ZCP04','16:13:00','06:00:00','2',0,0,NULL),('00382','2017-07-12',NULL,NULL,NULL,NULL,NULL,NULL,179,NULL,NULL,1.43,0.00,0.00,0.00,0.00,0.00,0.00,0.00,0.00,0.00,0.00,0.00,0.00,0.00,'ZCP04','18:10:00','19:36:00','2',0,-1,NULL),('00106','2017-07-06','06:41:00','11:31:00','11:34:00','15:33:00',NULL,NULL,180,NULL,NULL,8.00,0.00,0.00,0.00,0.00,0.00,0.00,0.00,0.00,0.00,0.00,0.00,0.00,0.00,'ZCP01',NULL,NULL,'',0,0,NULL),('00106','2017-07-07','06:26:00','11:56:00','11:58:00','15:30:00',NULL,NULL,181,NULL,NULL,8.00,0.00,0.00,0.00,0.00,0.00,0.00,0.00,0.00,0.00,0.00,0.00,0.00,0.00,'ZCP01',NULL,NULL,'',0,0,NULL),('00106','2017-07-08','06:21:00','11:36:00','11:38:00','15:33:00',NULL,NULL,182,NULL,NULL,8.00,0.00,0.00,0.00,0.00,0.00,0.00,0.00,0.00,0.00,0.00,0.00,0.00,0.00,'ZCP01',NULL,NULL,'',0,0,NULL),('00106','2017-07-09','06:34:00','10:00:00',NULL,NULL,NULL,NULL,183,NULL,NULL,3.43,0.00,0.00,0.00,0.00,0.00,0.00,0.00,0.00,0.00,0.00,0.00,0.00,0.00,'ZCP01',NULL,NULL,'',0,0,NULL),('00106','2017-07-10','06:24:00','11:39:00','11:42:00','15:30:00',NULL,NULL,184,NULL,NULL,8.00,0.00,0.00,0.00,0.00,0.00,0.00,0.00,0.00,0.00,0.00,0.00,0.00,0.00,'ZCP01',NULL,NULL,'',0,0,NULL),('00106','2017-07-11','06:37:00','11:31:00','11:33:00','15:30:00',NULL,NULL,185,NULL,NULL,8.00,0.00,0.00,0.00,0.00,0.00,0.00,0.00,0.00,0.00,0.00,0.00,0.00,0.00,'ZCP01',NULL,NULL,'',0,0,NULL),('00106','2017-07-12','06:31:00','11:35:00','11:41:00','15:30:00',NULL,NULL,186,NULL,NULL,8.00,0.00,0.00,0.00,0.00,0.00,0.00,0.00,0.00,0.00,0.00,0.00,0.00,0.00,'ZCP01',NULL,NULL,'',0,-1,NULL),('00302','2017-07-06','06:30:00','13:14:00','13:14:00','15:35:00',NULL,NULL,187,NULL,NULL,7.85,0.00,0.00,0.00,0.00,0.00,0.00,0.00,0.00,0.00,0.00,0.00,0.00,0.00,'ZCP01',NULL,NULL,'',0,0,NULL),('00302','2017-07-07','06:31:00','12:00:00','12:00:00','15:39:00',NULL,NULL,188,NULL,NULL,8.00,0.00,0.00,0.00,0.00,0.00,0.00,0.00,0.00,0.00,0.00,0.00,0.00,0.00,'ZCP01',NULL,NULL,'',0,0,NULL),('00302','2017-07-08','06:28:00','11:48:00','11:50:00','15:32:00',NULL,NULL,189,NULL,NULL,8.00,0.00,0.00,0.00,0.00,0.00,0.00,0.00,0.00,0.00,0.00,0.00,0.00,0.00,'ZCP01',NULL,NULL,'',0,0,NULL),('00302','2017-07-09','05:58:00','10:00:00',NULL,NULL,NULL,NULL,190,NULL,NULL,4.03,0.00,0.00,0.00,0.00,0.00,0.00,0.00,0.00,0.00,0.00,0.00,0.00,0.00,'ZCP01',NULL,NULL,'',0,0,NULL),('00302','2017-07-10','06:14:00','11:34:00','11:36:00','15:38:00',NULL,NULL,191,NULL,NULL,8.00,0.00,0.00,0.00,0.00,0.00,0.00,0.00,0.00,0.00,0.00,0.00,0.00,0.00,'ZCP01',NULL,NULL,'',0,0,NULL),('00302','2017-07-11','06:29:00','12:23:00','12:24:00','15:32:00',NULL,NULL,192,NULL,NULL,8.00,0.00,0.00,0.00,0.00,0.00,0.00,0.00,0.00,0.00,0.00,0.00,0.00,0.00,'ZCP01',NULL,NULL,'',0,0,NULL),('00302','2017-07-12','06:41:00','11:45:00','11:47:00','15:30:00',NULL,NULL,193,NULL,NULL,8.00,0.00,0.00,0.00,0.00,0.00,0.00,0.00,0.00,0.00,0.00,0.00,0.00,0.00,'ZCP01',NULL,NULL,'',0,-1,NULL),('00390','2017-07-06','08:04:00','12:40:00','12:40:00','17:00:00','19:00:00','21:01:00',194,NULL,NULL,8.00,1.45,0.00,0.00,0.00,0.00,0.00,0.00,0.00,0.00,0.00,0.00,0.00,0.00,'ZCP03',NULL,NULL,'2',0,0,NULL),('00390','2017-07-07','08:06:00','11:37:00','11:39:00','17:05:00','19:00:00','03:00:00',195,NULL,NULL,8.00,6.40,0.00,0.00,0.00,0.00,0.00,0.00,0.00,0.00,0.00,0.00,0.00,0.00,'ZCP03',NULL,NULL,'2',0,0,NULL),('00390','2017-07-08','07:30:00','11:27:00','11:30:00','17:04:00','19:00:00','23:30:00',196,NULL,NULL,8.00,4.45,0.00,0.00,0.00,0.00,0.00,0.00,0.00,0.00,0.00,0.00,0.00,0.00,'ZCP03',NULL,NULL,'2',0,0,NULL),('00390','2017-07-10','07:58:00','11:32:00','11:34:00','17:00:00','17:03:00',NULL,197,NULL,NULL,7.53,0.00,0.00,0.00,0.00,0.00,0.00,0.00,0.00,0.00,0.00,0.00,0.00,0.00,'ZCP03',NULL,NULL,'',0,-1,NULL),('00111','2017-07-06','06:25:00','12:50:00','12:50:00','20:47:00',NULL,NULL,198,NULL,NULL,8.00,3.50,0.00,0.00,0.00,0.00,0.00,0.00,0.00,0.00,0.00,0.00,0.00,0.00,'ZCP01',NULL,NULL,'',0,0,NULL),('00111','2017-07-07','06:32:00','13:00:00','13:00:00','19:15:00',NULL,NULL,199,NULL,NULL,8.00,2.00,0.00,0.00,0.00,0.00,0.00,0.00,0.00,0.00,0.00,0.00,0.00,0.00,'ZCP01',NULL,NULL,'',0,0,NULL),('00111','2017-07-08','06:56:00','13:00:00','13:00:00','15:33:00',NULL,NULL,200,NULL,NULL,6.55,0.00,0.00,0.00,0.00,0.00,0.00,0.00,0.00,0.00,0.00,0.00,0.00,0.00,'ZCP01',NULL,NULL,'',0,0,NULL),('00111','2017-07-10','07:02:00','12:13:00','12:13:00','19:00:00',NULL,NULL,201,NULL,NULL,8.00,2.00,0.00,0.00,0.00,0.00,0.00,0.00,0.00,0.00,0.00,0.00,0.00,0.00,'ZCP01',NULL,NULL,'',0,0,NULL),('00111','2017-07-11','06:54:00','12:03:00','12:03:00','18:20:00',NULL,NULL,202,NULL,NULL,8.00,6.33,0.00,0.00,0.00,0.00,0.00,0.00,0.00,0.00,0.00,0.00,0.00,0.00,'ZCP01',NULL,NULL,'',0,0,NULL),('00111','2017-07-12','06:52:00','12:06:00','12:06:00','19:21:00',NULL,NULL,203,NULL,NULL,8.00,0.00,0.00,0.00,0.00,0.00,0.00,0.00,0.00,0.00,0.00,0.00,0.00,0.00,'ZCP01',NULL,NULL,'',0,-1,NULL),('00118','2017-07-06','07:06:00','11:31:00',NULL,NULL,NULL,NULL,204,NULL,NULL,4.42,0.00,0.00,0.00,0.00,0.00,0.00,0.00,0.00,0.00,0.00,0.00,0.00,0.00,'ZCP04',NULL,NULL,'',0,0,NULL),('00118','2017-07-07','07:58:00','11:38:00','11:41:00','17:07:00',NULL,NULL,205,NULL,NULL,7.53,0.00,0.00,0.00,0.00,0.00,0.00,0.00,0.00,0.00,0.00,0.00,0.00,0.00,'ZCP04',NULL,NULL,'',0,0,NULL),('00118','2017-07-10','08:07:00','11:31:00','12:58:00','16:55:00',NULL,NULL,206,NULL,NULL,7.30,0.00,0.00,0.00,0.00,0.00,0.00,0.00,0.00,0.00,0.00,0.00,0.00,0.00,'ZCP04',NULL,NULL,'',0,-1,NULL),('00119','2017-07-06','07:19:00','11:43:00','11:45:00','16:37:00',NULL,NULL,207,NULL,NULL,7.62,0.00,0.00,0.00,0.00,0.00,0.00,0.00,0.00,0.00,0.00,0.00,0.00,0.00,'ZCP04',NULL,NULL,'',0,0,NULL),('00119','2017-07-07','07:18:00','11:44:00','11:46:00','17:10:00',NULL,NULL,208,NULL,NULL,8.00,0.00,0.00,0.00,0.00,0.00,0.00,0.00,0.00,0.00,0.00,0.00,0.00,0.00,'ZCP04',NULL,NULL,'',0,0,NULL),('00119','2017-07-09','07:40:00','11:30:00','11:32:00','16:13:00',NULL,NULL,209,NULL,NULL,7.05,0.00,0.00,0.00,0.00,0.00,0.00,0.00,0.00,0.00,0.00,0.00,0.00,0.00,'ZCP04',NULL,NULL,'',0,0,NULL),('00119','2017-07-10','07:19:00','11:57:00','11:59:00','15:00:00',NULL,NULL,210,NULL,NULL,6.00,0.00,0.00,0.00,0.00,0.00,0.00,0.00,0.00,0.00,0.00,0.00,0.00,0.00,'ZCP04',NULL,NULL,'',0,0,NULL),('00119','2017-07-12','07:42:00','11:45:00',NULL,NULL,NULL,NULL,211,NULL,NULL,4.05,0.00,0.00,0.00,0.00,0.00,0.00,0.00,0.00,0.00,0.00,0.00,0.00,0.00,'ZCP04',NULL,NULL,'',0,-1,NULL),('00422','2017-07-06','07:19:00','11:43:00','11:45:00','16:37:00',NULL,NULL,212,NULL,NULL,7.62,0.00,0.00,0.00,0.00,0.00,0.00,0.00,0.00,0.00,0.00,0.00,0.00,0.00,'ZCP04',NULL,NULL,'',0,0,NULL),('00422','2017-07-08','07:28:00','11:46:00','11:49:00','17:00:00',NULL,NULL,213,NULL,NULL,8.00,0.00,0.00,0.00,0.00,0.00,0.00,0.00,0.00,0.00,0.00,0.00,0.00,0.00,'ZCP04',NULL,NULL,'',0,0,NULL),('00422','2017-07-09','07:40:00','11:55:00','11:57:00','16:15:00',NULL,NULL,214,NULL,NULL,7.08,0.00,0.00,0.00,0.00,0.00,0.00,0.00,0.00,0.00,0.00,0.00,0.00,0.00,'ZCP04',NULL,NULL,'',0,0,NULL),('00422','2017-07-10','07:19:00','11:51:00','11:53:00','17:12:00',NULL,NULL,215,NULL,NULL,8.00,0.00,0.00,0.00,0.00,0.00,0.00,0.00,0.00,0.00,0.00,0.00,0.00,0.00,'ZCP04',NULL,NULL,'',0,0,NULL),('00422','2017-07-11','07:30:00','11:35:00',NULL,NULL,NULL,NULL,216,NULL,NULL,4.08,0.00,0.00,0.00,0.00,0.00,0.00,0.00,0.00,0.00,0.00,0.00,0.00,0.00,'ZCP04',NULL,NULL,'',0,0,NULL),('00422','2017-07-12','07:42:00','11:37:00','11:39:00','17:01:00',NULL,NULL,217,NULL,NULL,7.80,0.00,0.00,0.00,0.00,0.00,0.00,0.00,0.00,0.00,0.00,0.00,0.00,0.00,'ZCP04',NULL,NULL,'',0,-1,NULL),('00125','2017-07-06','05:41:00','11:41:00','11:43:00','15:32:00',NULL,NULL,218,NULL,NULL,8.00,0.00,0.00,0.00,0.00,0.00,0.00,0.00,0.00,0.00,0.00,0.00,0.00,0.00,'ZCP01',NULL,NULL,'',0,0,NULL),('00125','2017-07-07','05:46:00','11:38:00','11:40:00','15:30:00',NULL,NULL,219,NULL,NULL,8.00,0.00,0.00,0.00,0.00,0.00,0.00,0.00,0.00,0.00,0.00,0.00,0.00,0.00,'ZCP01',NULL,NULL,'',0,0,NULL),('00125','2017-07-08','05:51:00','11:31:00','11:34:00','15:32:00',NULL,NULL,220,NULL,NULL,8.00,0.00,0.00,0.00,0.00,0.00,0.00,0.00,0.00,0.00,0.00,0.00,0.00,0.00,'ZCP01',NULL,NULL,'',0,0,NULL),('00125','2017-07-10','05:34:00','11:31:00','11:35:00','15:37:00',NULL,NULL,221,NULL,NULL,8.00,0.00,0.00,0.00,0.00,0.00,0.00,0.00,0.00,0.00,0.00,0.00,0.00,0.00,'ZCP01',NULL,NULL,'',0,0,NULL),('00125','2017-07-11','05:46:00','11:57:00','11:59:00','15:26:00',NULL,NULL,222,NULL,NULL,7.93,0.00,0.00,0.00,0.00,0.00,0.00,0.00,0.00,0.00,0.00,0.00,0.00,0.00,'ZCP01',NULL,NULL,'',0,0,NULL),('00125','2017-07-12','05:52:00','11:41:00','11:43:00','15:30:00',NULL,NULL,223,NULL,NULL,8.00,0.00,0.00,0.00,0.00,0.00,0.00,0.00,0.00,0.00,0.00,0.00,0.00,0.00,'ZCP01',NULL,NULL,'',0,-1,NULL),('00128','2017-07-07','05:39:00','11:40:00','11:43:00','15:32:00',NULL,NULL,224,NULL,NULL,8.00,0.00,0.00,0.00,0.00,0.00,0.00,0.00,0.00,0.00,0.00,0.00,0.00,0.00,'ZCP01',NULL,NULL,'',0,0,NULL),('00128','2017-07-08','05:31:00','11:32:00','11:36:00','15:30:00',NULL,NULL,225,NULL,NULL,8.00,0.00,0.00,0.00,0.00,0.00,0.00,0.00,0.00,0.00,0.00,0.00,0.00,0.00,'ZCP01',NULL,NULL,'',0,0,NULL),('00128','2017-07-09','05:30:00','10:00:00',NULL,NULL,NULL,NULL,226,NULL,NULL,4.00,0.00,0.00,0.00,0.00,0.00,0.00,0.00,0.00,0.00,0.00,0.00,0.00,0.00,'ZCP01',NULL,NULL,'2',0,0,NULL),('00128','2017-07-10','05:38:00','11:33:00','11:37:00','15:30:00',NULL,NULL,227,NULL,NULL,8.00,0.00,0.00,0.00,0.00,0.00,0.00,0.00,0.00,0.00,0.00,0.00,0.00,0.00,'ZCP01',NULL,NULL,'',0,0,NULL),('00128','2017-07-11','05:36:00','11:30:00','11:33:00','15:30:00',NULL,NULL,228,NULL,NULL,8.00,0.00,0.00,0.00,0.00,0.00,0.00,0.00,0.00,0.00,0.00,0.00,0.00,0.00,'ZCP01',NULL,NULL,'',0,0,NULL),('00128','2017-07-12','05:58:00','11:38:00','11:40:00','15:30:00',NULL,NULL,229,NULL,NULL,8.00,0.00,0.00,0.00,0.00,0.00,0.00,0.00,0.00,0.00,0.00,0.00,0.00,0.00,'ZCP01',NULL,NULL,'',0,-1,NULL),('00136','2017-07-06','07:19:00','11:30:00','11:33:00','19:55:00','17:00:00','19:00:00',230,NULL,NULL,8.00,2.00,0.00,0.00,0.00,0.00,0.00,0.00,0.00,0.00,0.00,0.00,0.00,0.00,'ZCP03',NULL,NULL,'2',0,0,NULL),('00136','2017-07-07','06:57:00','11:30:00','11:32:00','19:56:00','17:00:00','19:00:00',231,NULL,NULL,8.00,2.00,0.00,0.00,0.00,0.00,0.00,0.00,0.00,0.00,0.00,0.00,0.00,0.00,'ZCP03',NULL,NULL,'2',0,0,NULL),('00136','2017-07-08','06:48:00','11:32:00','11:36:00','19:04:00','17:00:00','19:00:00',232,NULL,NULL,8.00,2.00,0.00,0.00,0.00,0.00,0.00,0.00,0.00,0.00,0.00,0.00,0.00,0.00,'ZCP03',NULL,NULL,'2',0,0,NULL),('00136','2017-07-10','06:25:00','11:28:00','11:33:00','19:28:00','17:00:00','19:00:00',233,NULL,NULL,8.00,2.00,0.00,0.00,0.00,0.00,0.00,0.00,0.00,0.00,0.00,0.00,0.00,0.00,'ZCP03',NULL,NULL,'2',0,0,NULL),('00136','2017-07-11','06:53:00','11:27:00','11:29:00','19:05:00','17:00:00','19:00:00',234,NULL,NULL,8.00,2.00,0.00,0.00,0.00,0.00,0.00,0.00,0.00,0.00,0.00,0.00,0.00,0.00,'ZCP03',NULL,NULL,'2',0,0,NULL),('00136','2017-07-12','06:52:00','11:32:00','11:40:00','19:10:00',NULL,NULL,235,NULL,NULL,8.00,0.00,0.00,0.00,0.00,0.00,0.00,0.00,0.00,0.00,0.00,0.00,0.00,0.00,'ZCP03',NULL,NULL,'',0,-1,NULL),('00368','2017-07-06','07:31:00','12:37:00','12:37:00','16:04:00',NULL,NULL,236,NULL,NULL,7.05,0.00,0.00,0.00,0.00,0.00,0.00,0.00,0.00,0.00,0.00,0.00,0.00,0.00,'ZCP04',NULL,NULL,'',0,0,NULL),('00368','2017-07-07','08:08:00','11:37:00','11:39:00','16:54:00',NULL,NULL,237,NULL,NULL,7.27,0.00,0.00,0.00,0.00,0.00,0.00,0.00,0.00,0.00,0.00,0.00,0.00,0.00,'ZCP04',NULL,NULL,'',0,0,NULL),('00368','2017-07-08','07:57:00','12:06:00','12:06:00','15:53:00',NULL,NULL,238,NULL,NULL,6.43,0.00,0.00,0.00,0.00,0.00,0.00,0.00,0.00,0.00,0.00,0.00,0.00,0.00,'ZCP04',NULL,NULL,'',0,0,NULL),('00368','2017-07-09','08:40:00','11:54:00','11:56:00',NULL,NULL,NULL,239,NULL,NULL,2.83,0.00,0.00,0.00,0.00,0.00,0.00,0.00,0.00,0.00,0.00,0.00,0.00,0.00,'ZCP04',NULL,NULL,'',0,0,NULL),('00368','2017-07-10','07:28:00','12:50:00','12:50:00','17:12:00','20:00:00','05:30:00',240,NULL,NULL,8.00,8.50,0.00,0.00,0.00,0.00,0.00,0.00,0.00,0.00,0.00,0.00,0.00,0.00,'ZCP04',NULL,NULL,'2',0,0,NULL),('00368','2017-07-11','05:50:00','11:42:00','11:44:00','18:16:00','19:00:00','17:00:00',241,NULL,NULL,8.00,11.00,0.00,0.00,0.00,0.00,0.00,0.00,0.00,0.00,0.00,0.00,0.00,0.00,'ZCP04',NULL,NULL,'2',0,0,NULL),('00368','2017-07-12','07:30:00','12:09:00','12:09:00','16:36:00',NULL,NULL,242,NULL,NULL,7.60,0.00,0.00,0.00,0.00,0.00,0.00,0.00,0.00,0.00,0.00,0.00,0.00,0.00,'ZCP04',NULL,NULL,'',0,-1,NULL),('00139','2017-07-06','07:26:00','12:57:00','12:57:00','16:02:00',NULL,NULL,243,NULL,NULL,7.03,0.00,0.00,0.00,0.00,0.00,0.00,0.00,0.00,0.00,0.00,0.00,0.00,0.00,'ZCP01',NULL,NULL,'',0,0,NULL),('00139','2017-07-08','07:44:00','12:09:00','12:09:00','17:02:00',NULL,NULL,244,NULL,NULL,7.77,0.00,0.00,0.00,0.00,0.00,0.00,0.00,0.00,0.00,0.00,0.00,0.00,0.00,'ZCP01',NULL,NULL,'',0,0,NULL),('00139','2017-07-10','07:54:00','12:46:00','12:46:00','17:01:00',NULL,NULL,245,NULL,NULL,7.60,0.00,0.00,0.00,0.00,0.00,0.00,0.00,0.00,0.00,0.00,0.00,0.00,0.00,'ZCP01',NULL,NULL,'',0,0,NULL),('00139','2017-07-11','07:28:00','11:37:00','11:45:00','17:00:00',NULL,NULL,246,NULL,NULL,8.00,0.00,0.00,0.00,0.00,0.00,0.00,0.00,0.00,0.00,0.00,0.00,0.00,0.00,'ZCP01',NULL,NULL,'',0,0,NULL),('00139','2017-07-12','07:46:00',NULL,NULL,NULL,NULL,NULL,247,NULL,NULL,0.00,0.00,0.00,0.00,0.00,0.00,0.00,0.00,0.00,0.00,0.00,0.00,0.00,0.00,'ZCP01',NULL,NULL,'',0,-1,NULL),('00329','2017-07-06',NULL,NULL,NULL,NULL,'04:00:00','06:00:00',248,NULL,NULL,8.00,2.00,0.00,0.00,0.00,0.00,0.00,0.00,0.00,0.00,0.00,0.00,0.00,0.00,'ZCP04','19:07:00','07:16:00','2',0,0,NULL),('00329','2017-07-07',NULL,NULL,NULL,NULL,'04:00:00','06:00:00',249,NULL,NULL,8.00,2.00,0.00,0.00,0.00,0.00,0.00,0.00,0.00,0.00,0.00,0.00,0.00,35.00,'ZCP04','19:05:00','06:38:00','2',0,0,NULL),('00329','2017-07-08',NULL,NULL,NULL,NULL,'04:30:00','06:00:00',250,NULL,NULL,8.00,1.50,0.00,0.00,0.00,0.00,0.00,0.00,0.00,0.00,0.00,0.00,0.00,0.00,'ZCP04','19:16:00','06:33:00','2',0,0,NULL),('00329','2017-07-09',NULL,NULL,NULL,NULL,'04:00:00','06:00:00',251,NULL,NULL,8.00,2.00,0.00,0.00,0.00,0.00,0.00,0.00,0.00,0.00,0.00,0.00,0.00,0.00,'ZCP04','18:38:00','07:15:00','2',0,0,NULL),('00329','2017-07-10',NULL,NULL,NULL,NULL,'04:30:00','06:00:00',252,NULL,NULL,8.00,1.50,0.00,0.00,0.00,0.00,0.00,0.00,0.00,0.00,0.00,0.00,0.00,0.00,'ZCP04','19:13:00','07:33:00','2',0,0,NULL),('00329','2017-07-11',NULL,NULL,NULL,NULL,'04:00:00','06:00:00',253,NULL,NULL,8.00,2.00,0.00,0.00,0.00,0.00,0.00,0.00,0.00,0.00,0.00,0.00,0.00,0.00,'ZCP04','19:08:00','07:40:00','2',0,0,NULL),('00329','2017-07-12',NULL,NULL,NULL,NULL,NULL,NULL,254,NULL,NULL,8.00,0.00,0.00,0.00,0.00,0.00,0.00,0.00,0.00,0.00,0.00,0.00,0.00,0.00,'ZCP04','19:09:00','06:58:00','2',0,-1,NULL),('00145','2017-07-06','09:42:00','19:00:00',NULL,NULL,NULL,NULL,255,NULL,NULL,8.00,0.00,0.00,0.00,0.00,0.00,0.00,0.00,0.00,0.00,0.00,0.00,0.00,0.00,'ZCP17',NULL,NULL,'2',0,0,NULL),('00145','2017-07-07','09:59:00','19:00:00',NULL,NULL,NULL,NULL,256,NULL,NULL,8.00,0.00,0.00,0.00,0.00,0.00,0.00,0.00,0.00,0.00,0.00,0.00,0.00,0.00,'ZCP17',NULL,NULL,'2',0,0,NULL),('00145','2017-07-08','09:50:00','19:03:00',NULL,NULL,NULL,NULL,257,NULL,NULL,8.00,0.00,0.00,0.00,0.00,0.00,0.00,0.00,0.00,0.00,0.00,0.00,0.00,0.00,'ZCP17',NULL,NULL,'2',0,0,NULL),('00145','2017-07-09','09:16:00','14:03:00',NULL,NULL,NULL,NULL,258,NULL,NULL,4.78,0.00,0.00,0.00,0.00,0.00,0.00,0.00,0.00,0.00,0.00,0.00,0.00,0.00,'ZCP17',NULL,NULL,'',0,0,NULL),('00145','2017-07-10','04:37:00','14:11:00',NULL,NULL,NULL,NULL,259,NULL,NULL,8.00,0.00,0.00,0.00,0.00,0.00,0.00,0.00,0.00,0.00,0.00,0.00,0.00,0.00,'ZCP17',NULL,NULL,'',0,0,NULL),('00145','2017-07-11','05:00:00','14:02:00',NULL,NULL,NULL,NULL,260,NULL,NULL,8.00,0.00,0.00,0.00,0.00,0.00,0.00,0.00,0.00,0.00,0.00,0.00,0.00,0.00,'ZCP17',NULL,NULL,'',0,0,NULL),('00145','2017-07-12','04:44:00','14:05:00',NULL,NULL,NULL,NULL,261,NULL,NULL,8.00,0.00,0.00,0.00,0.00,0.00,0.00,0.00,0.00,0.00,0.00,0.00,0.00,0.00,'ZCP17',NULL,NULL,'',0,-1,NULL),('00149','2017-07-06','11:09:00','20:01:00',NULL,NULL,NULL,NULL,262,NULL,NULL,8.00,0.00,0.00,0.00,0.00,0.00,0.00,0.00,0.00,0.00,0.00,0.00,0.00,0.00,'ZCP17',NULL,NULL,'2',0,0,NULL),('00149','2017-07-07','11:09:00','20:03:00',NULL,NULL,NULL,NULL,263,NULL,NULL,8.00,0.00,0.00,0.00,0.00,0.00,0.00,0.00,0.00,0.00,0.00,0.00,0.00,0.00,'ZCP17',NULL,NULL,'2',0,0,NULL),('00149','2017-07-08','08:03:00','20:00:00',NULL,NULL,NULL,NULL,264,NULL,NULL,8.00,0.00,0.00,0.00,0.00,0.00,0.00,0.00,0.00,0.00,0.00,0.00,0.00,0.00,'ZCP17',NULL,NULL,'2',0,0,NULL),('00149','2017-07-09','11:05:00','19:02:00',NULL,NULL,NULL,NULL,265,NULL,NULL,6.95,0.00,0.00,0.00,0.00,0.00,0.00,0.00,0.00,0.00,0.00,0.00,0.00,0.00,'ZCP17',NULL,NULL,'2',0,0,NULL),('00149','2017-07-10','04:55:00','14:11:00',NULL,NULL,NULL,NULL,266,NULL,NULL,8.00,0.00,0.00,0.00,0.00,0.00,0.00,0.00,0.00,0.00,0.00,0.00,0.00,0.00,'ZCP17',NULL,NULL,'',0,0,NULL),('00149','2017-07-11','04:53:00','14:02:00',NULL,NULL,NULL,NULL,267,NULL,NULL,8.00,0.00,0.00,0.00,0.00,0.00,0.00,0.00,0.00,0.00,0.00,0.00,0.00,0.00,'ZCP17',NULL,NULL,'',0,0,NULL),('00149','2017-07-12','04:54:00','14:06:00',NULL,NULL,NULL,NULL,268,NULL,NULL,8.00,0.00,0.00,0.00,0.00,0.00,0.00,0.00,0.00,0.00,0.00,0.00,0.00,0.00,'ZCP17',NULL,NULL,'',0,-1,NULL),('00333','2017-07-06','06:40:00','11:37:00','11:39:00','19:04:00','16:00:00','19:00:00',269,NULL,NULL,8.00,3.00,0.00,0.00,0.00,0.00,0.00,0.00,0.00,0.00,0.00,0.00,0.00,0.00,'ZCP04',NULL,NULL,'2',0,0,NULL),('00333','2017-07-07','06:56:00','11:37:00','11:39:00','19:04:00','16:00:00','19:00:00',270,NULL,NULL,8.00,3.00,0.00,0.00,0.00,0.00,0.00,0.00,0.00,0.00,0.00,0.00,0.00,0.00,'ZCP04',NULL,NULL,'2',0,0,NULL),('00333','2017-07-08','07:38:00','11:25:00','11:28:00','19:04:00','17:00:00','19:00:00',271,NULL,NULL,8.00,1.78,0.00,0.00,0.00,0.00,0.00,0.00,0.00,0.00,0.00,0.00,0.00,0.00,'ZCP04',NULL,NULL,'2',0,0,NULL),('00333','2017-07-09','07:17:00','11:30:00','11:32:00','19:02:00','16:30:00','19:00:00',272,NULL,NULL,8.00,2.50,0.00,0.00,0.00,0.00,0.00,0.00,0.00,0.00,0.00,0.00,0.00,0.00,'ZCP04',NULL,NULL,'2',0,0,NULL),('00333','2017-07-10','07:11:00','11:32:00','11:34:00','19:00:00','16:30:00','19:00:00',273,NULL,NULL,8.00,2.50,0.00,0.00,0.00,0.00,0.00,0.00,0.00,0.00,0.00,0.00,0.00,0.00,'ZCP04',NULL,NULL,'2',0,0,NULL),('00333','2017-07-11','06:56:00','11:34:00','11:36:00','19:02:00','16:00:00','19:00:00',274,NULL,NULL,8.00,3.00,0.00,0.00,0.00,0.00,0.00,0.00,0.00,0.00,0.00,0.00,0.00,0.00,'ZCP04',NULL,NULL,'2',0,0,NULL),('00333','2017-07-12','07:14:00','11:38:00','11:40:00',NULL,NULL,NULL,275,NULL,NULL,4.00,0.00,0.00,0.00,0.00,0.00,0.00,0.00,0.00,0.00,0.00,0.00,0.00,0.00,'ZCP04',NULL,NULL,'',0,-1,NULL),('00307','2017-07-06','07:43:00','11:44:00','11:46:00','17:04:00',NULL,NULL,276,NULL,NULL,7.78,0.00,0.00,0.00,0.00,0.00,0.00,0.00,0.00,0.00,0.00,0.00,0.00,0.00,'ZCP03',NULL,NULL,'',0,0,NULL),('00307','2017-07-07','07:27:00','11:30:00','11:32:00','17:14:00',NULL,NULL,277,NULL,NULL,8.00,0.00,0.00,0.00,0.00,0.00,0.00,0.00,0.00,0.00,0.00,0.00,0.00,0.00,'ZCP03',NULL,NULL,'',0,0,NULL),('00307','2017-07-08','07:39:00','11:36:00','11:38:00','17:08:00',NULL,NULL,278,NULL,NULL,7.85,0.00,0.00,0.00,0.00,0.00,0.00,0.00,0.00,0.00,0.00,0.00,0.00,0.00,'ZCP03',NULL,NULL,'',0,0,NULL),('00307','2017-07-11','07:58:00','11:30:00','11:32:00','18:13:00',NULL,NULL,279,NULL,NULL,7.53,0.00,0.00,0.00,0.00,0.00,0.00,0.00,0.00,0.00,0.00,0.00,0.00,0.00,'ZCP03',NULL,NULL,'',0,0,NULL),('00307','2017-07-12','07:42:00','11:42:00','11:44:00','17:04:00',NULL,NULL,280,NULL,NULL,7.80,0.00,0.00,0.00,0.00,0.00,0.00,0.00,0.00,0.00,0.00,0.00,0.00,0.00,'ZCP03',NULL,NULL,'',0,-1,NULL),('00430','2017-07-06','07:44:00','11:43:00','11:46:00','17:03:00','19:36:00','03:01:00',281,NULL,NULL,8.00,6.18,0.00,0.00,0.00,0.00,0.00,0.00,0.00,0.00,0.00,0.00,0.00,0.00,'ZCP16',NULL,NULL,'2',0,0,NULL),('00430','2017-07-07','08:06:00','12:00:00','12:01:00','18:25:00','17:00:00','18:25:00',282,NULL,NULL,8.00,0.82,0.00,0.00,0.00,0.00,0.00,0.00,0.00,0.00,0.00,0.00,0.00,0.00,'ZCP16',NULL,NULL,'2',0,0,NULL),('00430','2017-07-08','07:29:00','11:40:00','11:43:00','17:16:00',NULL,NULL,283,NULL,NULL,8.00,0.00,0.00,0.00,0.00,0.00,0.00,0.00,0.00,0.00,0.00,0.00,0.00,0.00,'ZCP16',NULL,NULL,'',0,0,NULL),('00430','2017-07-10','07:19:00','11:36:00','11:38:00','17:02:00',NULL,NULL,284,NULL,NULL,8.00,0.00,0.00,0.00,0.00,0.00,0.00,0.00,0.00,0.00,0.00,0.00,0.00,0.00,'ZCP16',NULL,NULL,'',0,0,NULL),('00430','2017-07-11','07:29:00','11:31:00','11:33:00','17:02:00','19:16:00','22:46:00',285,NULL,NULL,8.00,3.50,0.00,0.00,0.00,0.00,0.00,0.00,0.00,0.00,0.00,0.00,0.00,0.00,'ZCP16',NULL,NULL,'2',0,0,NULL),('00430','2017-07-12','07:32:00','11:39:00','11:41:00','17:11:00','19:40:00','03:04:00',286,NULL,NULL,8.00,7.37,0.00,0.00,0.00,0.00,0.00,0.00,0.00,0.00,0.00,0.00,0.00,0.00,'ZCP16',NULL,NULL,'',0,0,NULL),('00377','2017-07-06','07:28:00','11:39:00','11:58:00','17:05:00','19:00:00','04:00:00',287,NULL,NULL,8.00,8.00,0.00,0.00,0.00,0.00,0.00,0.00,0.00,0.00,0.00,0.00,0.00,0.00,'ZCP04',NULL,NULL,'2',0,0,NULL),('00377','2017-07-07','07:28:00','11:47:00','11:50:00','17:07:00',NULL,NULL,288,NULL,NULL,8.00,0.00,0.00,0.00,0.00,0.00,0.00,0.00,0.00,0.00,0.00,0.00,0.00,0.00,'ZCP04',NULL,NULL,'',0,0,NULL),('00377','2017-07-08','06:58:00','11:55:00','12:58:00','17:00:00','19:00:00','04:00:00',289,NULL,NULL,8.00,8.00,0.00,0.00,0.00,0.00,0.00,0.00,0.00,0.00,0.00,0.00,0.00,0.00,'ZCP04',NULL,NULL,'2',0,0,NULL),('00377','2017-07-09','05:20:00','11:34:00','11:43:00','16:04:00','19:30:00','04:00:00',290,NULL,NULL,8.00,7.50,0.00,0.00,0.00,0.00,0.00,0.00,0.00,0.00,0.00,0.00,0.00,0.00,'ZCP04',NULL,NULL,'2',0,0,NULL),('00377','2017-07-10','07:25:00','11:42:00','11:54:00','17:04:00','19:00:00','04:00:00',291,NULL,NULL,8.00,8.00,0.00,0.00,0.00,0.00,0.00,0.00,0.00,0.00,0.00,0.00,0.00,0.00,'ZCP04',NULL,NULL,'2',0,0,NULL),('00377','2017-07-11','07:24:00','12:00:00','12:00:00','17:00:00','19:00:00','04:00:00',292,NULL,NULL,8.00,8.00,0.00,0.00,0.00,0.00,0.00,0.00,0.00,0.00,0.00,0.00,0.00,0.00,'ZCP04',NULL,NULL,'2',0,0,NULL),('00377','2017-07-12','07:22:00','12:57:00','12:57:00','17:02:00','19:00:00','04:00:00',293,NULL,NULL,8.00,8.00,0.00,0.00,0.00,0.00,0.00,0.00,0.00,0.00,0.00,0.00,0.00,0.00,'ZCP04',NULL,NULL,'2',0,-1,NULL),('00153','2017-07-06','07:27:00','12:37:00','12:37:00','17:01:00',NULL,NULL,294,NULL,NULL,8.00,0.00,0.00,0.00,0.00,0.00,0.00,0.00,0.00,0.00,0.00,0.00,0.00,0.00,'ZCP04',NULL,NULL,'',0,0,NULL),('00153','2017-07-09','08:16:00','12:58:00','12:58:00','16:59:00',NULL,NULL,295,NULL,NULL,7.22,0.00,0.00,0.00,0.00,0.00,0.00,0.00,0.00,0.00,0.00,0.00,0.00,0.00,'ZCP04',NULL,NULL,'',0,0,NULL),('00153','2017-07-10','07:10:00','11:38:00','11:40:00','17:00:00',NULL,NULL,296,NULL,NULL,8.00,0.00,0.00,0.00,0.00,0.00,0.00,0.00,0.00,0.00,0.00,0.00,0.00,0.00,'ZCP04',NULL,NULL,'',0,0,NULL),('00153','2017-07-11','07:45:00','11:40:00','11:42:00','18:58:00','19:00:00','04:00:00',297,NULL,NULL,8.00,7.50,0.00,0.00,0.00,0.00,0.00,0.00,0.00,0.00,0.00,0.00,0.00,0.00,'ZCP04',NULL,NULL,'2',0,0,NULL),('00153','2017-07-12','11:36:00','11:49:00','11:51:00','17:11:00',NULL,NULL,298,NULL,NULL,3.90,0.00,0.00,0.00,0.00,0.00,0.00,0.00,0.00,0.00,0.00,0.00,0.00,0.00,'ZCP04',NULL,NULL,'',0,-1,NULL),('00376','2017-07-06','08:09:00','12:38:00','12:38:00','17:44:00',NULL,NULL,299,NULL,NULL,7.35,0.00,0.00,0.00,0.00,0.00,0.00,0.00,0.00,0.00,0.00,0.00,0.00,0.00,'ZCP04',NULL,NULL,'',0,0,NULL),('00376','2017-07-07','08:11:00','11:44:00','11:55:00','18:50:00','17:00:00','18:50:00',300,NULL,NULL,8.00,1.15,0.00,0.00,0.00,0.00,0.00,0.00,0.00,0.00,0.00,0.00,0.00,0.00,'ZCP04',NULL,NULL,'2',0,0,NULL),('00376','2017-07-08','08:57:00','12:55:00','12:55:00','15:00:00',NULL,NULL,301,NULL,NULL,4.55,0.00,0.00,0.00,0.00,0.00,0.00,0.00,0.00,0.00,0.00,0.00,0.00,0.00,'ZCP04',NULL,NULL,'',0,0,NULL),('00376','2017-07-09','08:05:00','10:57:00','11:00:00','16:49:00',NULL,NULL,302,NULL,NULL,6.68,0.00,0.00,0.00,0.00,0.00,0.00,0.00,0.00,0.00,0.00,0.00,0.00,0.00,'ZCP04',NULL,NULL,'',0,0,NULL),('00376','2017-07-10','08:15:00','12:32:00','12:32:00','18:31:00',NULL,NULL,303,NULL,NULL,7.25,0.00,0.00,0.00,0.00,0.00,0.00,0.00,0.00,0.00,0.00,0.00,0.00,0.00,'ZCP04',NULL,NULL,'',0,-1,NULL),('00400','2017-07-06','07:08:00','11:40:00','11:42:00','17:02:00','20:00:00','05:30:00',304,NULL,NULL,8.00,8.50,0.00,0.00,0.00,0.00,0.00,0.00,0.00,0.00,0.00,0.00,0.00,0.00,'ZCP04',NULL,NULL,'2',0,0,NULL),('00400','2017-07-07','06:55:00','11:33:00','11:36:00','17:01:00',NULL,NULL,305,NULL,NULL,8.00,0.00,0.00,0.00,0.00,0.00,0.00,0.00,0.00,0.00,0.00,0.00,0.00,0.00,'ZCP04',NULL,NULL,'',0,0,NULL),('00400','2017-07-08','07:13:00','11:41:00','11:47:00','17:00:00','19:26:00','05:00:00',306,NULL,NULL,8.00,8.50,0.00,0.00,0.00,0.00,0.00,0.00,0.00,0.00,0.00,0.00,0.00,0.00,'ZCP04',NULL,NULL,'2',0,0,NULL),('00400','2017-07-09','05:50:00','11:38:00','11:40:00','19:19:00','19:22:00','06:01:00',307,NULL,NULL,8.00,9.65,0.00,0.00,0.00,0.00,0.00,0.00,0.00,0.00,0.00,0.00,0.00,0.00,'ZCP04',NULL,NULL,'2',0,0,NULL),('00400','2017-07-10','06:01:00','11:31:00','11:41:00','17:01:00','20:00:00','05:00:00',308,NULL,NULL,8.00,8.00,0.00,0.00,0.00,0.00,0.00,0.00,0.00,0.00,0.00,0.00,0.00,0.00,'ZCP04',NULL,NULL,'2',0,0,NULL),('00400','2017-07-11','06:48:00','11:31:00','11:33:00','17:10:00',NULL,NULL,309,NULL,NULL,8.00,0.00,0.00,0.00,0.00,0.00,0.00,0.00,0.00,0.00,0.00,0.00,0.00,0.00,'ZCP04',NULL,NULL,'',0,0,NULL),('00400','2017-07-12','07:26:00','11:35:00','11:38:00','17:00:00','19:20:00','06:17:00',310,NULL,NULL,8.00,10.95,0.00,0.00,0.00,0.00,0.00,0.00,0.00,0.00,0.00,0.00,0.00,0.00,'ZCP04',NULL,NULL,'',0,-1,NULL),('00160','2017-07-06','07:47:00','12:02:00','12:02:00','17:15:00',NULL,NULL,311,NULL,NULL,7.72,0.00,0.00,0.00,0.00,0.00,0.00,0.00,0.00,0.00,0.00,0.00,0.00,0.00,'ZCP03',NULL,NULL,'',0,0,NULL),('00160','2017-07-07','08:26:00','11:41:00',NULL,NULL,NULL,NULL,312,NULL,NULL,3.25,0.00,0.00,0.00,0.00,0.00,0.00,0.00,0.00,0.00,0.00,0.00,0.00,0.00,'ZCP03',NULL,NULL,'',0,0,NULL),('00160','2017-07-08','07:50:00','11:39:00','11:41:00','17:27:00',NULL,NULL,313,NULL,NULL,7.67,0.00,0.00,0.00,0.00,0.00,0.00,0.00,0.00,0.00,0.00,0.00,0.00,0.00,'ZCP03',NULL,NULL,'',0,0,NULL),('00160','2017-07-10','08:00:00','11:34:00','11:36:00','17:08:00',NULL,NULL,314,NULL,NULL,7.50,0.00,0.00,0.00,0.00,0.00,0.00,0.00,0.00,0.00,0.00,0.00,0.00,0.00,'ZCP03',NULL,NULL,'',0,0,NULL),('00160','2017-07-11','08:02:00','11:31:00','11:33:00','17:09:00',NULL,NULL,315,NULL,NULL,7.47,0.00,0.00,0.00,0.00,0.00,0.00,0.00,0.00,0.00,0.00,0.00,0.00,0.00,'ZCP03',NULL,NULL,'',0,0,NULL),('00160','2017-07-12','08:09:00','12:02:00','12:02:00','17:07:00',NULL,NULL,316,NULL,NULL,7.35,0.00,0.00,0.00,0.00,0.00,0.00,0.00,0.00,0.00,0.00,0.00,0.00,0.00,'ZCP03',NULL,NULL,'',0,-1,NULL),('00161','2017-07-06','05:50:00','12:38:00','12:38:00','17:02:00',NULL,NULL,317,NULL,NULL,8.00,0.00,0.00,0.00,0.00,0.00,0.00,0.00,0.00,0.00,0.00,0.00,0.00,0.00,'ZCP03',NULL,NULL,'',0,0,NULL),('00161','2017-07-08','07:31:00','11:44:00','11:50:00','17:06:00','20:00:00','05:00:00',318,NULL,NULL,8.00,8.98,0.00,0.00,0.00,0.00,0.00,0.00,0.00,0.00,0.00,0.00,0.00,0.00,'ZCP03',NULL,NULL,'2',0,0,NULL),('00161','2017-07-09','07:30:00','11:59:00',NULL,NULL,NULL,NULL,319,NULL,NULL,4.48,0.00,0.00,0.00,0.00,0.00,0.00,0.00,0.00,0.00,0.00,0.00,0.00,0.00,'ZCP03',NULL,NULL,'2',0,0,NULL),('00161','2017-07-10','07:54:00','12:00:00','12:00:00','17:00:00','19:01:00','05:00:00',320,NULL,NULL,8.00,8.50,0.00,0.00,0.00,0.00,0.00,0.00,0.00,0.00,0.00,0.00,0.00,0.00,'ZCP03',NULL,NULL,'2',0,0,NULL),('00161','2017-07-11','06:11:00','11:50:00','11:52:00','17:03:00',NULL,NULL,321,NULL,NULL,8.00,0.00,0.00,0.00,0.00,0.00,0.00,0.00,0.00,0.00,0.00,0.00,0.00,0.00,'ZCP03',NULL,NULL,'',0,0,NULL),('00161','2017-07-12','07:44:00','11:33:00','11:35:00','18:56:00','19:00:00',NULL,322,NULL,NULL,7.77,0.00,0.00,0.00,0.00,0.00,0.00,0.00,0.00,0.00,0.00,0.00,0.00,0.00,'ZCP03',NULL,NULL,'',0,-1,NULL),('00383','2017-07-06',NULL,NULL,NULL,NULL,'04:00:00','06:00:00',323,NULL,NULL,8.00,2.00,0.00,0.00,0.00,0.00,0.00,0.00,0.00,0.00,0.00,0.00,0.00,35.00,'ZCP04','18:42:00','06:09:00','2',0,0,NULL),('00383','2017-07-07',NULL,NULL,NULL,NULL,'04:00:00','06:00:00',324,NULL,NULL,8.00,2.00,0.00,0.00,0.00,0.00,0.00,0.00,0.00,0.00,0.00,0.00,0.00,0.00,'ZCP04','18:38:00','06:01:00','2',0,0,NULL),('00383','2017-07-08',NULL,NULL,NULL,NULL,'04:00:00','06:00:00',325,NULL,NULL,8.00,2.00,0.00,0.00,0.00,0.00,0.00,0.00,0.00,0.00,0.00,0.00,0.00,0.00,'ZCP04','18:36:00','06:00:00','2',0,0,NULL),('00383','2017-07-09',NULL,NULL,NULL,NULL,'04:00:00','05:30:00',326,NULL,NULL,8.00,1.50,0.00,0.00,0.00,0.00,0.00,0.00,0.00,0.00,0.00,0.00,0.00,0.00,'ZCP04','18:34:00','05:47:00','2',0,0,NULL),('00383','2017-07-10',NULL,NULL,NULL,NULL,'04:30:00','06:00:00',327,NULL,NULL,8.00,1.50,0.00,0.00,0.00,0.00,0.00,0.00,0.00,0.00,0.00,0.00,0.00,0.00,'ZCP04','19:15:00','06:00:00','2',0,0,NULL),('00383','2017-07-11',NULL,NULL,NULL,NULL,'04:30:00','06:00:00',328,NULL,NULL,8.00,1.50,0.00,0.00,0.00,0.00,0.00,0.00,0.00,0.00,0.00,0.00,0.00,0.00,'ZCP04','19:17:00','06:00:00','2',0,0,NULL),('00383','2017-07-12',NULL,NULL,NULL,NULL,NULL,NULL,329,NULL,NULL,8.00,0.00,0.00,0.00,0.00,0.00,0.00,0.00,0.00,0.00,0.00,0.00,0.00,0.00,'ZCP04','19:12:00','06:01:00','2',0,-1,NULL),('00168','2017-07-06',NULL,NULL,NULL,NULL,NULL,NULL,330,NULL,NULL,8.00,0.00,0.00,0.00,0.00,0.00,0.00,0.00,0.00,0.00,0.00,0.00,0.00,25.00,'ZCP04','19:34:00','04:40:00','2',0,0,NULL),('00168','2017-07-07',NULL,NULL,NULL,NULL,NULL,NULL,331,NULL,NULL,0.00,0.00,0.00,0.00,0.00,0.00,0.00,0.00,0.00,0.00,0.00,0.00,0.00,0.00,'ZCP04',NULL,NULL,'2',0,0,NULL),('00168','2017-07-08',NULL,NULL,NULL,NULL,'04:00:00','05:50:00',332,NULL,NULL,8.00,1.83,0.00,0.00,0.00,0.00,0.00,0.00,0.00,0.00,0.00,0.00,0.00,0.00,'ZCP04','18:56:00','05:50:00','2',0,0,NULL),('00168','2017-07-09',NULL,NULL,NULL,NULL,NULL,NULL,333,NULL,NULL,0.00,0.00,0.00,0.00,0.00,0.00,0.00,0.00,0.00,0.00,0.00,0.00,0.00,0.00,'ZCP04',NULL,NULL,'2',0,0,NULL),('00168','2017-07-10',NULL,NULL,NULL,NULL,'04:30:00','05:50:00',334,NULL,NULL,8.00,1.33,0.00,0.00,0.00,0.00,0.00,0.00,0.00,0.00,0.00,0.00,0.00,0.00,'ZCP04','19:22:00','05:50:00','2',0,0,NULL),('00168','2017-07-11',NULL,NULL,NULL,NULL,'04:30:00','05:54:00',335,NULL,NULL,8.00,1.40,0.00,0.00,0.00,0.00,0.00,0.00,0.00,0.00,0.00,0.00,0.00,0.00,'ZCP04','19:14:00','05:54:00','2',0,0,NULL),('00168','2017-07-12',NULL,NULL,NULL,NULL,NULL,NULL,336,NULL,NULL,8.00,0.00,0.00,0.00,0.00,0.00,0.00,0.00,0.00,0.00,0.00,0.00,0.00,0.00,'ZCP04','19:03:00','06:00:00','2',0,-1,NULL),('00392','2017-07-06','02:47:00','12:27:00','12:27:00','17:03:00',NULL,NULL,337,NULL,NULL,8.00,0.00,0.00,0.00,0.00,0.00,0.00,0.00,0.00,0.00,0.00,0.00,0.00,0.00,'ZCP03',NULL,NULL,'',0,0,NULL),('00392','2017-07-07','08:48:00','11:53:00','11:55:00','17:06:00',NULL,NULL,338,NULL,NULL,6.70,0.00,0.00,0.00,0.00,0.00,0.00,0.00,0.00,0.00,0.00,0.00,0.00,0.00,'ZCP03',NULL,NULL,'',0,0,NULL),('00392','2017-07-12','07:45:00','11:58:00','12:00:00','17:02:00',NULL,NULL,339,NULL,NULL,7.75,0.00,0.00,0.00,0.00,0.00,0.00,0.00,0.00,0.00,0.00,0.00,0.00,0.00,'ZCP03',NULL,NULL,'',0,-1,NULL),('00387','2017-07-06','07:30:00','11:50:00','11:52:00','17:04:00','20:00:00','05:00:00',340,NULL,NULL,8.00,8.00,0.00,0.00,0.00,0.00,0.00,0.00,0.00,0.00,0.00,0.00,0.00,0.00,'ZCP03',NULL,NULL,'2',0,0,NULL),('00387','2017-07-07','07:30:00','11:35:00','11:39:00','17:06:00','20:00:00','05:00:00',341,NULL,NULL,8.00,8.00,0.00,0.00,0.00,0.00,0.00,0.00,0.00,0.00,0.00,0.00,0.00,0.00,'ZCP03',NULL,NULL,'2',0,0,NULL),('00387','2017-07-08','05:51:00','05:53:00','11:59:00','17:34:00',NULL,NULL,342,NULL,NULL,3.88,0.00,0.00,0.00,0.00,0.00,0.00,0.00,0.00,0.00,0.00,0.00,0.00,0.00,'ZCP03',NULL,NULL,'',0,0,NULL),('00387','2017-07-10','07:54:00','11:40:00','11:43:00','17:02:00','20:00:00','05:00:00',343,NULL,NULL,8.00,7.50,0.00,0.00,0.00,0.00,0.00,0.00,0.00,0.00,0.00,0.00,0.00,0.00,'ZCP03',NULL,NULL,'2',0,0,NULL),('00387','2017-07-11','07:30:00','11:41:00','11:45:00','17:02:00','19:00:00','05:00:00',344,NULL,NULL,8.00,9.00,0.00,0.00,0.00,0.00,0.00,0.00,0.00,0.00,0.00,0.00,0.00,0.00,'ZCP03',NULL,NULL,'2',0,0,NULL),('00387','2017-07-12','07:10:00','11:41:00','11:43:00','17:02:00','19:00:00','05:30:00',345,NULL,NULL,8.00,10.50,0.00,0.00,0.00,0.00,0.00,0.00,0.00,0.00,0.00,0.00,0.00,0.00,'ZCP03',NULL,NULL,'2',0,-1,NULL),('00174','2017-07-06','05:15:00','11:43:00','11:45:00','17:04:00','14:00:00','17:00:00',346,NULL,NULL,8.00,3.00,0.00,0.00,0.00,0.00,0.00,0.00,0.00,0.00,0.00,0.00,0.00,0.00,'ZCP01',NULL,NULL,'2',0,0,NULL),('00174','2017-07-07','05:18:00','11:32:00','12:12:00','17:15:00','14:00:00','17:00:00',347,NULL,NULL,8.00,3.00,0.00,0.00,0.00,0.00,0.00,0.00,0.00,0.00,0.00,0.00,0.00,0.00,'ZCP01',NULL,NULL,'2',0,0,NULL),('00174','2017-07-08','05:27:00','11:30:00',NULL,NULL,NULL,NULL,348,NULL,NULL,6.05,0.00,0.00,0.00,0.00,0.00,0.00,0.00,0.00,0.00,0.00,0.00,0.00,0.00,'ZCP01',NULL,NULL,'',0,0,NULL),('00174','2017-07-10','05:13:00','11:40:00','13:00:00','17:07:00','14:00:00','17:00:00',349,NULL,NULL,8.00,3.00,0.00,0.00,0.00,0.00,0.00,0.00,0.00,0.00,0.00,0.00,0.00,0.00,'ZCP01',NULL,NULL,'2',0,0,NULL),('00174','2017-07-11','05:33:00','11:48:00','12:56:00','17:02:00','14:00:00','17:00:00',350,NULL,NULL,8.00,3.00,0.00,0.00,0.00,0.00,0.00,0.00,0.00,0.00,0.00,0.00,0.00,0.00,'ZCP01',NULL,NULL,'2',0,0,NULL),('00174','2017-07-12','05:17:00','11:40:00','11:48:00','17:02:00','14:00:00','17:00:00',351,NULL,NULL,8.00,3.00,0.00,0.00,0.00,0.00,0.00,0.00,0.00,0.00,0.00,0.00,0.00,0.00,'ZCP01',NULL,NULL,'2',0,-1,NULL),('00175','2017-07-06','07:37:00','13:01:00','13:01:00','17:03:00',NULL,NULL,352,NULL,NULL,7.87,0.00,0.00,0.00,0.00,0.00,0.00,0.00,0.00,0.00,0.00,0.00,0.00,0.00,'ZCP03',NULL,NULL,'',0,0,NULL),('00175','2017-07-07','07:31:00','11:38:00','11:54:00','17:48:00','19:30:00','05:45:00',353,NULL,NULL,8.00,9.00,0.00,0.00,0.00,0.00,0.00,0.00,0.00,0.00,0.00,0.00,0.00,0.00,'ZCP03',NULL,NULL,'2',0,0,NULL),('00175','2017-07-08','05:45:00','11:43:00','11:45:00','17:06:00','19:30:00','05:51:00',354,NULL,NULL,8.00,9.50,0.00,0.00,0.00,0.00,0.00,0.00,0.00,0.00,0.00,0.00,0.00,0.00,'ZCP03',NULL,NULL,'2',0,0,NULL),('00175','2017-07-09','05:51:00','11:39:00','11:41:00','17:05:00','19:30:00','05:51:00',355,NULL,NULL,8.00,9.50,0.00,0.00,0.00,0.00,0.00,0.00,0.00,0.00,0.00,0.00,0.00,0.00,'ZCP03',NULL,NULL,'2',0,0,NULL),('00175','2017-07-10','05:51:00','11:31:00','11:37:00','17:00:00',NULL,NULL,356,NULL,NULL,8.00,0.00,0.00,0.00,0.00,0.00,0.00,0.00,0.00,0.00,0.00,0.00,0.00,0.00,'ZCP03',NULL,NULL,'',0,0,NULL),('00175','2017-07-11','07:36:00','11:50:00','11:52:00','20:37:00','17:00:00','20:30:00',357,NULL,NULL,8.00,3.40,0.00,0.00,0.00,0.00,0.00,0.00,0.00,0.00,0.00,0.00,0.00,0.00,'ZCP03',NULL,NULL,'2',0,0,NULL),('00175','2017-07-12','07:48:00','11:31:00','11:33:00','17:01:00','19:25:00','05:41:00',358,NULL,NULL,8.00,9.97,0.00,0.00,0.00,0.00,0.00,0.00,0.00,0.00,0.00,0.00,0.00,0.00,'ZCP03',NULL,NULL,'',0,-1,NULL),('00342','2017-07-06','06:38:00','13:22:00','13:22:00','17:03:00',NULL,NULL,359,NULL,NULL,8.00,0.00,0.00,0.00,0.00,0.00,0.00,0.00,0.00,0.00,0.00,0.00,0.00,0.00,'ZCP03',NULL,NULL,'',0,0,NULL),('00342','2017-07-07','06:46:00','12:07:00','12:07:00','16:50:00',NULL,NULL,360,NULL,NULL,8.00,0.00,0.00,0.00,0.00,0.00,0.00,0.00,0.00,0.00,0.00,0.00,0.00,0.00,'ZCP03',NULL,NULL,'',0,0,NULL),('00342','2017-07-08','06:46:00','12:18:00','12:18:00','17:03:00',NULL,NULL,361,NULL,NULL,8.00,0.00,0.00,0.00,0.00,0.00,0.00,0.00,0.00,0.00,0.00,0.00,0.00,0.00,'ZCP03',NULL,NULL,'',0,0,NULL),('00342','2017-07-10','07:02:00','12:53:00','12:53:00','17:13:00',NULL,NULL,362,NULL,NULL,8.00,0.00,0.00,0.00,0.00,0.00,0.00,0.00,0.00,0.00,0.00,0.00,0.00,0.00,'ZCP03',NULL,NULL,'',0,0,NULL),('00342','2017-07-12','06:46:00','12:36:00','12:36:00','17:06:00',NULL,NULL,363,NULL,NULL,8.00,0.00,0.00,0.00,0.00,0.00,0.00,0.00,0.00,0.00,0.00,0.00,0.00,0.00,'ZCP03',NULL,NULL,'',0,-1,NULL),('00188','2017-07-06','06:21:00','11:34:00','11:37:00','17:12:00',NULL,NULL,364,NULL,NULL,8.00,0.00,0.00,0.00,0.00,0.00,0.00,0.00,0.00,0.00,0.00,0.00,0.00,0.00,'ZCP04',NULL,NULL,'',0,0,NULL),('00188','2017-07-07','07:19:00','11:49:00','11:51:00','17:07:00',NULL,NULL,365,NULL,NULL,8.00,0.00,0.00,0.00,0.00,0.00,0.00,0.00,0.00,0.00,0.00,0.00,0.00,0.00,'ZCP04',NULL,NULL,'',0,0,NULL),('00188','2017-07-08','06:31:00','11:42:00','11:48:00','18:26:00','17:00:00','18:00:00',366,NULL,NULL,8.00,1.00,0.00,0.00,0.00,0.00,0.00,0.00,0.00,0.00,0.00,0.00,0.00,0.00,'ZCP04',NULL,NULL,'2',0,0,NULL),('00188','2017-07-10','06:50:00','11:38:00','11:40:00','17:14:00',NULL,NULL,367,NULL,NULL,8.00,0.00,0.00,0.00,0.00,0.00,0.00,0.00,0.00,0.00,0.00,0.00,0.00,0.00,'ZCP04',NULL,NULL,'',0,0,NULL),('00188','2017-07-11','06:26:00','11:32:00','11:34:00','17:01:00',NULL,NULL,368,NULL,NULL,8.00,0.00,0.00,0.00,0.00,0.00,0.00,0.00,0.00,0.00,0.00,0.00,0.00,0.00,'ZCP04',NULL,NULL,'',0,0,NULL),('00188','2017-07-12','06:01:00','11:42:00','11:45:00','17:08:00',NULL,NULL,369,NULL,NULL,8.00,0.00,0.00,0.00,0.00,0.00,0.00,0.00,0.00,0.00,0.00,0.00,0.00,0.00,'ZCP04',NULL,NULL,'',0,-1,NULL),('00331','2017-07-11','07:56:00','11:33:00','11:37:00','17:03:00',NULL,NULL,370,NULL,NULL,7.57,0.00,0.00,0.00,0.00,0.00,0.00,0.00,0.00,0.00,0.00,0.00,0.00,0.00,'ZCP008',NULL,NULL,'',0,0,NULL),('00331','2017-07-12','08:59:00','11:37:00','11:45:00','17:05:00',NULL,NULL,371,NULL,NULL,6.52,0.00,0.00,0.00,0.00,0.00,0.00,0.00,0.00,0.00,0.00,0.00,0.00,0.00,'ZCP008',NULL,NULL,'',0,-1,NULL),('00192','2017-07-06','07:19:00','11:24:00','11:26:00','17:02:00',NULL,NULL,372,NULL,NULL,7.90,0.00,0.00,0.00,0.00,0.00,0.00,0.00,0.00,0.00,0.00,0.00,0.00,0.00,'ZCP04',NULL,NULL,'',0,0,NULL),('00192','2017-07-07','07:39:00','12:17:00','12:17:00','17:06:00',NULL,NULL,373,NULL,NULL,7.85,0.00,0.00,0.00,0.00,0.00,0.00,0.00,0.00,0.00,0.00,0.00,0.00,0.00,'ZCP04',NULL,NULL,'',0,0,NULL),('00192','2017-07-08','06:56:00','11:42:00','11:44:00','17:04:00',NULL,NULL,374,NULL,NULL,8.00,0.00,0.00,0.00,0.00,0.00,0.00,0.00,0.00,0.00,0.00,0.00,0.00,0.00,'ZCP04',NULL,NULL,'',0,0,NULL),('00192','2017-07-10','07:05:00','12:04:00','12:04:00','17:13:00',NULL,NULL,375,NULL,NULL,8.00,0.00,0.00,0.00,0.00,0.00,0.00,0.00,0.00,0.00,0.00,0.00,0.00,0.00,'ZCP04',NULL,NULL,'',0,0,NULL),('00192','2017-07-11','07:06:00','12:01:00','12:01:00','17:00:00',NULL,NULL,376,NULL,NULL,8.00,0.00,0.00,0.00,0.00,0.00,0.00,0.00,0.00,0.00,0.00,0.00,0.00,0.00,'ZCP04',NULL,NULL,'',0,0,NULL),('00192','2017-07-12','06:59:00','11:43:00','11:45:00','17:00:00',NULL,NULL,377,NULL,NULL,8.00,0.00,0.00,0.00,0.00,0.00,0.00,0.00,0.00,0.00,0.00,0.00,0.00,0.00,'ZCP04',NULL,NULL,'',0,-1,NULL),('00193','2017-07-07','07:52:00','11:32:00','11:34:00',NULL,NULL,NULL,378,NULL,NULL,3.63,0.00,0.00,0.00,0.00,0.00,0.00,0.00,0.00,0.00,0.00,0.00,0.00,0.00,'ZCP03',NULL,NULL,'',0,0,NULL),('00193','2017-07-08','07:52:00','11:30:00','11:32:00','17:00:00',NULL,NULL,379,NULL,NULL,7.63,0.00,0.00,0.00,0.00,0.00,0.00,0.00,0.00,0.00,0.00,0.00,0.00,0.00,'ZCP03',NULL,NULL,'',0,0,NULL),('00193','2017-07-10','08:03:00','11:47:00','11:49:00','18:57:00','20:00:00','05:00:00',380,NULL,NULL,8.00,7.50,0.00,0.00,0.00,0.00,0.00,0.00,0.00,0.00,0.00,0.00,0.00,0.00,'ZCP03',NULL,NULL,'2',0,0,NULL),('00193','2017-07-11','07:30:00','11:38:00','11:41:00','17:12:00','20:00:00','05:00:00',381,NULL,NULL,8.00,8.00,0.00,0.00,0.00,0.00,0.00,0.00,0.00,0.00,0.00,0.00,0.00,0.00,'ZCP03',NULL,NULL,'2',0,0,NULL),('00193','2017-07-12','07:51:00','11:29:00','11:31:00','17:01:00','17:03:00',NULL,382,NULL,NULL,7.63,0.00,0.00,0.00,0.00,0.00,0.00,0.00,0.00,0.00,0.00,0.00,0.00,0.00,'ZCP03',NULL,NULL,'2',0,-1,NULL),('00378','2017-07-06',NULL,NULL,NULL,NULL,'04:00:00','07:00:00',383,NULL,NULL,8.00,3.00,0.00,0.00,0.00,0.00,0.00,0.00,0.00,0.00,0.00,0.00,0.00,35.00,'ZCP04','18:45:00','07:03:00','2',0,0,NULL),('00378','2017-07-07',NULL,NULL,NULL,NULL,'04:00:00','07:00:00',384,NULL,NULL,8.00,3.00,0.00,0.00,0.00,0.00,0.00,0.00,0.00,0.00,0.00,0.00,0.00,0.00,'ZCP04','18:36:00','07:03:00','2',0,0,NULL),('00378','2017-07-08',NULL,NULL,NULL,NULL,'04:00:00','07:00:00',385,NULL,NULL,8.00,3.00,0.00,0.00,0.00,0.00,0.00,0.00,0.00,0.00,0.00,0.00,0.00,0.00,'ZCP04','18:15:00','07:12:00','2',0,0,NULL),('00378','2017-07-09',NULL,NULL,NULL,NULL,'04:00:00','07:00:00',386,NULL,NULL,8.00,3.00,0.00,0.00,0.00,0.00,0.00,0.00,0.00,0.00,0.00,0.00,0.00,0.00,'ZCP04','18:39:00','07:09:00','2',0,0,NULL),('00378','2017-07-10',NULL,NULL,NULL,NULL,'04:00:00','07:00:00',387,NULL,NULL,8.00,3.00,0.00,0.00,0.00,0.00,0.00,0.00,0.00,0.00,0.00,0.00,0.00,0.00,'ZCP04','18:03:00','07:14:00','2',0,0,NULL),('00378','2017-07-11',NULL,NULL,NULL,NULL,'04:00:00','07:00:00',388,NULL,NULL,8.00,3.00,0.00,0.00,0.00,0.00,0.00,0.00,0.00,0.00,0.00,0.00,0.00,0.00,'ZCP04','18:31:00','07:13:00','2',0,0,NULL),('00378','2017-07-12',NULL,NULL,NULL,NULL,NULL,NULL,389,NULL,NULL,8.00,0.00,0.00,0.00,0.00,0.00,0.00,0.00,0.00,0.00,0.00,0.00,0.00,0.00,'ZCP04','18:36:00','07:09:00','',0,-1,NULL),('00200','2017-07-06','08:08:00','12:47:00','12:47:00','18:01:00','17:00:00','18:00:00',390,NULL,NULL,8.00,0.37,0.00,0.00,0.00,0.00,0.00,0.00,0.00,0.00,0.00,0.00,0.00,0.00,'ZCP03',NULL,NULL,'2',0,0,NULL),('00200','2017-07-07','08:23:00','11:54:00','11:56:00','18:13:00',NULL,NULL,391,NULL,NULL,8.00,0.00,0.00,0.00,0.00,0.00,0.00,0.00,0.00,0.00,0.00,0.00,0.00,0.00,'ZCP03',NULL,NULL,'2',0,0,NULL),('00200','2017-07-08','06:10:00','12:15:00','12:15:00','17:17:00','15:30:00','17:17:00',392,NULL,NULL,8.00,1.78,0.00,0.00,0.00,0.00,0.00,0.00,0.00,0.00,0.00,0.00,0.00,0.00,'ZCP03',NULL,NULL,'2',0,0,NULL),('00200','2017-07-10','06:23:00','12:12:00','12:12:00','19:01:00','15:30:00','19:00:00',393,NULL,NULL,8.00,3.50,0.00,0.00,0.00,0.00,0.00,0.00,0.00,0.00,0.00,0.00,0.00,0.00,'ZCP03',NULL,NULL,'2',0,0,NULL),('00200','2017-07-11','07:46:00','11:56:00','11:58:00','17:06:00',NULL,NULL,394,NULL,NULL,7.73,0.00,0.00,0.00,0.00,0.00,0.00,0.00,0.00,0.00,0.00,0.00,0.00,0.00,'ZCP03',NULL,NULL,'',0,0,NULL),('00200','2017-07-12','06:18:00','11:58:00','12:00:00','19:00:00',NULL,NULL,395,NULL,NULL,8.00,0.00,0.00,0.00,0.00,0.00,0.00,0.00,0.00,0.00,0.00,0.00,0.00,0.00,'ZCP03',NULL,NULL,'',0,-1,NULL),('00201','2017-07-06','08:04:00','11:45:00','11:48:00','17:05:00',NULL,NULL,396,NULL,NULL,7.43,0.00,0.00,0.00,0.00,0.00,0.00,0.00,0.00,0.00,0.00,0.00,0.00,0.00,'ZCP04',NULL,NULL,'',0,0,NULL),('00201','2017-07-07','07:44:00','12:08:00','12:08:00','17:13:00','19:00:00','05:33:00',397,NULL,NULL,8.00,10.32,0.00,0.00,0.00,0.00,0.00,0.00,0.00,0.00,0.00,0.00,0.00,0.00,'ZCP04',NULL,NULL,'2',0,0,NULL),('00201','2017-07-08','05:33:00','12:08:00','12:08:00','16:50:00',NULL,NULL,398,NULL,NULL,8.00,0.00,0.00,0.00,0.00,0.00,0.00,0.00,0.00,0.00,0.00,0.00,0.00,0.00,'ZCP04',NULL,NULL,'',0,0,NULL),('00201','2017-07-09','07:41:00','11:41:00','12:56:00','18:44:00','19:00:00','05:33:00',399,NULL,NULL,8.00,9.00,0.00,0.00,0.00,0.00,0.00,0.00,0.00,0.00,0.00,0.00,0.00,0.00,'ZCP04',NULL,NULL,'2',0,0,NULL),('00201','2017-07-10','05:33:00','11:22:00','11:25:00','13:36:00',NULL,NULL,400,NULL,NULL,5.97,0.00,0.00,0.00,0.00,0.00,0.00,0.00,0.00,0.00,0.00,0.00,0.00,0.00,'ZCP04',NULL,NULL,'',0,0,NULL),('00201','2017-07-11','07:59:00','11:53:00','11:55:00','17:01:00','19:00:00','05:30:00',401,NULL,NULL,8.00,9.00,0.00,0.00,0.00,0.00,0.00,0.00,0.00,0.00,0.00,0.00,0.00,0.00,'ZCP04',NULL,NULL,'2',0,0,NULL),('00201','2017-07-12','05:30:00','11:50:00','11:53:00','17:00:00',NULL,NULL,402,NULL,NULL,8.00,0.00,0.00,0.00,0.00,0.00,0.00,0.00,0.00,0.00,0.00,0.00,0.00,0.00,'ZCP04',NULL,NULL,'',0,-1,NULL),('00370     ','2017-07-08','05:39:00','11:30:00','11:32:00','17:00:00',NULL,NULL,403,NULL,NULL,8.00,0.00,0.00,0.00,0.00,0.00,0.00,0.00,0.00,0.00,0.00,0.00,0.00,0.00,'ZCP04',NULL,NULL,'',0,0,NULL),('00370     ','2017-07-09','07:07:00','11:30:00','11:32:00','17:09:00',NULL,NULL,404,NULL,NULL,8.00,0.00,0.00,0.00,0.00,0.00,0.00,0.00,0.00,0.00,0.00,0.00,0.00,0.00,'ZCP04',NULL,NULL,'',0,0,NULL),('00370     ','2017-07-10','07:02:00','12:55:00','12:55:00','16:50:00',NULL,NULL,405,NULL,NULL,7.83,0.00,0.00,0.00,0.00,0.00,0.00,0.00,0.00,0.00,0.00,0.00,0.00,0.00,'ZCP04',NULL,NULL,'',0,0,NULL),('00370     ','2017-07-11','07:02:00','11:46:00','11:48:00','17:10:00',NULL,NULL,406,NULL,NULL,8.00,0.00,0.00,0.00,0.00,0.00,0.00,0.00,0.00,0.00,0.00,0.00,0.00,0.00,'ZCP04',NULL,NULL,'',0,0,NULL),('00370     ','2017-07-12','07:11:00','11:30:00','11:32:00','17:01:00',NULL,NULL,407,NULL,NULL,8.00,0.00,0.00,0.00,0.00,0.00,0.00,0.00,0.00,0.00,0.00,0.00,0.00,0.00,'ZCP04',NULL,NULL,'',0,-1,NULL),('00202','2017-07-07','07:37:00','12:04:00','12:04:00','16:34:00',NULL,NULL,408,NULL,NULL,7.45,0.00,0.00,0.00,0.00,0.00,0.00,0.00,0.00,0.00,0.00,0.00,0.00,0.00,'ZCP04',NULL,NULL,'',0,0,NULL),('00202','2017-07-08','07:47:00','12:03:00','12:03:00','18:00:00','18:02:00','04:24:00',409,NULL,NULL,8.00,9.08,0.00,0.00,0.00,0.00,0.00,0.00,0.00,0.00,0.00,0.00,0.00,0.00,'ZCP04',NULL,NULL,'2',0,0,NULL),('00202','2017-07-10','07:27:00','12:00:00','12:00:00','18:00:00','18:02:00','05:01:00',410,NULL,NULL,8.00,10.00,0.00,0.00,0.00,0.00,0.00,0.00,0.00,0.00,0.00,0.00,0.00,0.00,'ZCP04',NULL,NULL,'2',0,0,NULL),('00202','2017-07-12','07:43:00','12:18:00','12:18:00','18:05:00','18:07:00','05:02:00',411,NULL,NULL,8.00,10.70,0.00,0.00,0.00,0.00,0.00,0.00,0.00,0.00,0.00,0.00,0.00,0.00,'ZCP04',NULL,NULL,'',0,-1,NULL),('00358','2017-07-06','05:30:00','11:44:00','11:46:00','17:00:00',NULL,NULL,412,NULL,NULL,8.00,0.00,0.00,0.00,0.00,0.00,0.00,0.00,0.00,0.00,0.00,0.00,0.00,0.00,'ZCP04',NULL,NULL,'',0,0,NULL),('00358','2017-07-07','08:09:00','11:40:00','11:42:00','17:04:00',NULL,NULL,413,NULL,NULL,7.35,0.00,0.00,0.00,0.00,0.00,0.00,0.00,0.00,0.00,0.00,0.00,0.00,0.00,'ZCP04',NULL,NULL,'',0,0,NULL),('00358','2017-07-08','07:14:00','12:09:00','12:09:00','17:07:00',NULL,NULL,414,NULL,NULL,8.00,0.00,0.00,0.00,0.00,0.00,0.00,0.00,0.00,0.00,0.00,0.00,0.00,0.00,'ZCP04',NULL,NULL,'',0,0,NULL),('00358','2017-07-09','07:44:00','12:56:00','12:56:00','17:00:00',NULL,NULL,415,NULL,NULL,7.77,0.00,0.00,0.00,0.00,0.00,0.00,0.00,0.00,0.00,0.00,0.00,0.00,0.00,'ZCP04',NULL,NULL,'',0,0,NULL),('00358','2017-07-10','07:47:00','12:23:00','12:23:00','17:04:00',NULL,NULL,416,NULL,NULL,7.72,0.00,0.00,0.00,0.00,0.00,0.00,0.00,0.00,0.00,0.00,0.00,0.00,0.00,'ZCP04',NULL,NULL,'',0,0,NULL),('00358','2017-07-11','07:49:00','11:56:00','11:58:00','17:04:00',NULL,NULL,417,NULL,NULL,7.68,0.00,0.00,0.00,0.00,0.00,0.00,0.00,0.00,0.00,0.00,0.00,0.00,0.00,'ZCP04',NULL,NULL,'',0,0,NULL),('00358','2017-07-12','07:59:00','11:39:00','11:41:00','17:13:00',NULL,NULL,418,NULL,NULL,7.52,0.00,0.00,0.00,0.00,0.00,0.00,0.00,0.00,0.00,0.00,0.00,0.00,0.00,'ZCP04',NULL,NULL,'',0,-1,NULL),('00206','2017-07-06',NULL,NULL,'12:22:00','17:04:00',NULL,NULL,419,NULL,NULL,4.70,0.00,0.00,0.00,0.00,0.00,0.00,0.00,0.00,0.00,0.00,0.00,0.00,0.00,'ZCP03',NULL,NULL,'',0,0,NULL),('00206','2017-07-07',NULL,NULL,'12:12:00','16:50:00',NULL,NULL,420,NULL,NULL,4.63,0.00,0.00,0.00,0.00,0.00,0.00,0.00,0.00,0.00,0.00,0.00,0.00,0.00,'ZCP03',NULL,NULL,'',0,0,NULL),('00206','2017-07-08','08:12:00','11:37:00','11:39:00','18:14:00',NULL,NULL,421,NULL,NULL,7.30,0.00,0.00,0.00,0.00,0.00,0.00,0.00,0.00,0.00,0.00,0.00,0.00,0.00,'ZCP03',NULL,NULL,'',0,0,NULL),('00206','2017-07-10',NULL,NULL,'12:40:00','17:13:00',NULL,NULL,422,NULL,NULL,4.55,0.00,0.00,0.00,0.00,0.00,0.00,0.00,0.00,0.00,0.00,0.00,0.00,0.00,'ZCP03',NULL,NULL,'',0,0,NULL),('00206','2017-07-12','07:20:00','11:33:00','11:35:00','17:05:00',NULL,NULL,423,NULL,NULL,8.00,0.00,0.00,0.00,0.00,0.00,0.00,0.00,0.00,0.00,0.00,0.00,0.00,0.00,'ZCP03',NULL,NULL,'',0,-1,NULL),('00210','2017-07-06','07:27:00','12:38:00','12:38:00','17:48:00','17:00:00','17:48:00',424,NULL,NULL,8.00,0.80,0.00,0.00,0.00,0.00,0.00,0.00,0.00,0.00,0.00,0.00,0.00,0.00,'ZCP04',NULL,NULL,'2',0,0,NULL),('00210','2017-07-07','07:18:00','12:15:00','12:15:00','19:00:00','17:00:00','19:00:00',425,NULL,NULL,8.00,2.00,0.00,0.00,0.00,0.00,0.00,0.00,0.00,0.00,0.00,0.00,0.00,0.00,'ZCP04',NULL,NULL,'2',0,0,NULL),('00210','2017-07-08','07:26:00','12:18:00','12:18:00','19:00:00','17:00:00','19:00:00',426,NULL,NULL,8.00,2.00,0.00,0.00,0.00,0.00,0.00,0.00,0.00,0.00,0.00,0.00,0.00,0.00,'ZCP04',NULL,NULL,'2',0,0,NULL),('00210','2017-07-09','07:22:00','11:38:00','11:40:00','19:01:00','17:00:00','19:00:00',427,NULL,NULL,8.00,2.00,0.00,0.00,0.00,0.00,0.00,0.00,0.00,0.00,0.00,0.00,0.00,0.00,'ZCP04',NULL,NULL,'2',0,0,NULL),('00210','2017-07-10','07:16:00','11:54:00','11:57:00','19:02:00','17:00:00','19:00:00',428,NULL,NULL,8.00,2.00,0.00,0.00,0.00,0.00,0.00,0.00,0.00,0.00,0.00,0.00,0.00,0.00,'ZCP04',NULL,NULL,'2',0,0,NULL),('00210','2017-07-11','07:26:00','11:45:00','11:47:00','19:00:00','17:00:00','19:00:00',429,NULL,NULL,8.00,2.00,0.00,0.00,0.00,0.00,0.00,0.00,0.00,0.00,0.00,0.00,0.00,0.00,'ZCP04',NULL,NULL,'2',0,0,NULL),('00210','2017-07-12','07:16:00','11:35:00','11:37:00','19:00:00',NULL,NULL,430,NULL,NULL,8.00,0.00,0.00,0.00,0.00,0.00,0.00,0.00,0.00,0.00,0.00,0.00,0.00,0.00,'ZCP04',NULL,NULL,'',0,-1,NULL),('00372','2017-07-06',NULL,NULL,NULL,NULL,'05:00:00','06:00:00',431,NULL,NULL,8.00,1.00,0.00,0.00,0.00,0.00,0.00,0.00,0.00,0.00,0.00,0.00,0.00,0.00,'ZCP04','19:45:00','06:08:00','2',0,0,NULL),('00372','2017-07-07','06:06:00','06:08:00',NULL,NULL,NULL,NULL,432,NULL,NULL,0.03,0.00,0.00,0.00,0.00,0.00,0.00,0.00,0.00,0.00,0.00,0.00,0.00,5.00,'ZCP04',NULL,NULL,'',0,-1,NULL),('00218','2017-07-06','08:09:00','11:52:00','11:54:00','17:10:00',NULL,NULL,433,NULL,NULL,7.35,0.00,0.00,0.00,0.00,0.00,0.00,0.00,0.00,0.00,0.00,0.00,0.00,0.00,'ZCP04',NULL,NULL,'',0,0,NULL),('00218','2017-07-07','07:50:00','11:54:00','11:56:00','17:05:00',NULL,NULL,434,NULL,NULL,7.67,0.00,0.00,0.00,0.00,0.00,0.00,0.00,0.00,0.00,0.00,0.00,0.00,0.00,'ZCP04',NULL,NULL,'',0,-1,NULL),('00356','2017-07-06','07:55:00','11:42:00','11:44:00','17:01:00',NULL,NULL,435,NULL,NULL,7.58,0.00,0.00,0.00,0.00,0.00,0.00,0.00,0.00,0.00,0.00,0.00,0.00,0.00,'ZCP04',NULL,NULL,'',0,0,NULL),('00356','2017-07-07','07:43:00','11:32:00','11:34:00','17:11:00','19:20:00','05:16:00',436,NULL,NULL,8.00,8.72,0.00,0.00,0.00,0.00,0.00,0.00,0.00,0.00,0.00,0.00,0.00,0.00,'ZCP04',NULL,NULL,'2',0,0,NULL),('00356','2017-07-08','07:42:00','11:30:00','11:32:00','17:00:00','19:15:00','05:00:00',437,NULL,NULL,8.00,8.55,0.00,0.00,0.00,0.00,0.00,0.00,0.00,0.00,0.00,0.00,0.00,0.00,'ZCP04',NULL,NULL,'2',0,0,NULL),('00356','2017-07-10','07:47:00','11:30:00','11:33:00','17:10:00',NULL,NULL,438,NULL,NULL,7.72,0.00,0.00,0.00,0.00,0.00,0.00,0.00,0.00,0.00,0.00,0.00,0.00,0.00,'ZCP04',NULL,NULL,'',0,0,NULL),('00356','2017-07-11','07:26:00','11:30:00','11:32:00','17:02:00',NULL,NULL,439,NULL,NULL,8.00,0.00,0.00,0.00,0.00,0.00,0.00,0.00,0.00,0.00,0.00,0.00,0.00,0.00,'ZCP04',NULL,NULL,'',0,0,NULL),('00356','2017-07-12','07:43:00','11:31:00','11:33:00','17:06:00','19:02:00','05:48:00',440,NULL,NULL,8.00,10.55,0.00,0.00,0.00,0.00,0.00,0.00,0.00,0.00,0.00,0.00,0.00,0.00,'ZCP04',NULL,NULL,'',0,-1,NULL),('00352','2017-07-06','05:39:00','11:34:00','11:36:00','17:01:00',NULL,NULL,441,NULL,NULL,8.00,0.00,0.00,0.00,0.00,0.00,0.00,0.00,0.00,0.00,0.00,0.00,0.00,0.00,'ZCP04',NULL,NULL,'',0,0,NULL),('00352','2017-07-07',NULL,NULL,NULL,NULL,'04:30:00','05:30:00',442,NULL,NULL,8.00,1.00,0.00,0.00,0.00,0.00,0.00,0.00,0.00,0.00,0.00,0.00,0.00,0.00,'ZCP04','19:28:00','05:30:00','2',0,0,NULL),('00352','2017-07-08','07:30:00','12:10:00','12:13:00','17:09:00',NULL,NULL,443,NULL,NULL,8.00,0.00,0.00,0.00,0.00,0.00,0.00,0.00,0.00,0.00,0.00,0.00,0.00,0.00,'ZCP04',NULL,NULL,'2',0,0,NULL),('00352','2017-07-09','07:55:00','11:41:00','11:43:00','17:05:00','19:00:00','05:40:00',444,NULL,NULL,8.00,9.00,0.00,0.00,0.00,0.00,0.00,0.00,0.00,0.00,0.00,0.00,0.00,0.00,'ZCP04',NULL,NULL,'2',0,0,NULL),('00352','2017-07-10','05:48:00','11:35:00','11:37:00','17:10:00',NULL,NULL,445,NULL,NULL,8.00,0.00,0.00,0.00,0.00,0.00,0.00,0.00,0.00,0.00,0.00,0.00,0.00,0.00,'ZCP04',NULL,NULL,'',0,0,NULL),('00352','2017-07-11','07:52:00','11:41:00','11:43:00','17:00:00','19:00:00','06:00:00',446,NULL,NULL,8.00,9.50,0.00,0.00,0.00,0.00,0.00,0.00,0.00,0.00,0.00,0.00,0.00,0.00,'ZCP04',NULL,NULL,'2',0,0,NULL),('00352','2017-07-12','06:17:00','11:38:00','11:40:00','17:06:00',NULL,NULL,447,NULL,NULL,8.00,0.00,0.00,0.00,0.00,0.00,0.00,0.00,0.00,0.00,0.00,0.00,0.00,0.00,'ZCP04',NULL,NULL,'',0,-1,NULL),('00225','2017-07-06','07:51:00','12:06:00','12:06:00','17:11:00',NULL,NULL,448,NULL,NULL,7.65,0.00,0.00,0.00,0.00,0.00,0.00,0.00,0.00,0.00,0.00,0.00,0.00,0.00,'ZCP04',NULL,NULL,'',0,0,NULL),('00225','2017-07-07','08:01:00','11:40:00','11:42:00','18:31:00','17:00:00','18:30:00',449,NULL,NULL,8.00,0.98,0.00,0.00,0.00,0.00,0.00,0.00,0.00,0.00,0.00,0.00,0.00,0.00,'ZCP04',NULL,NULL,'2',0,0,NULL),('00225','2017-07-08','07:29:00','11:57:00','11:59:00','18:05:00','16:30:00','18:00:00',450,NULL,NULL,8.00,1.50,0.00,0.00,0.00,0.00,0.00,0.00,0.00,0.00,0.00,0.00,0.00,0.00,'ZCP04',NULL,NULL,'2',0,0,NULL),('00225','2017-07-09','07:44:00','11:30:00','11:32:00','17:20:00',NULL,NULL,451,NULL,NULL,7.77,0.00,0.00,0.00,0.00,0.00,0.00,0.00,0.00,0.00,0.00,0.00,0.00,0.00,'ZCP04',NULL,NULL,'',0,0,NULL),('00225','2017-07-10','08:00:00','11:41:00','11:43:00','18:30:00','17:00:00','18:30:00',452,NULL,NULL,8.00,1.00,0.00,0.00,0.00,0.00,0.00,0.00,0.00,0.00,0.00,0.00,0.00,0.00,'ZCP04',NULL,NULL,'2',0,0,NULL),('00225','2017-07-11','07:53:00','11:34:00','11:36:00','18:04:00','17:00:00','18:00:00',453,NULL,NULL,8.00,0.62,0.00,0.00,0.00,0.00,0.00,0.00,0.00,0.00,0.00,0.00,0.00,0.00,'ZCP04',NULL,NULL,'2',0,0,NULL),('00225','2017-07-12','07:47:00','11:58:00','12:00:00','17:20:00',NULL,NULL,454,NULL,NULL,7.72,0.00,0.00,0.00,0.00,0.00,0.00,0.00,0.00,0.00,0.00,0.00,0.00,0.00,'ZCP04',NULL,NULL,'',0,-1,NULL),('00350','2017-07-06','07:38:00','12:08:00','12:08:00','17:02:00',NULL,NULL,455,NULL,NULL,7.87,0.00,0.00,0.00,0.00,0.00,0.00,0.00,0.00,0.00,0.00,0.00,0.00,0.00,'ZCP04',NULL,NULL,'',0,0,NULL),('00350','2017-07-07','07:42:00','11:45:00','11:47:00','17:04:00',NULL,NULL,456,NULL,NULL,7.80,0.00,0.00,0.00,0.00,0.00,0.00,0.00,0.00,0.00,0.00,0.00,0.00,0.00,'ZCP04',NULL,NULL,'',0,0,NULL),('00350','2017-07-10','07:18:00','12:39:00','12:39:00','17:14:00',NULL,NULL,457,NULL,NULL,8.00,0.00,0.00,0.00,0.00,0.00,0.00,0.00,0.00,0.00,0.00,0.00,0.00,0.00,'ZCP04',NULL,NULL,'',0,0,NULL),('00350','2017-07-11','07:20:00','12:03:00','12:03:00','19:03:00','20:00:00','05:00:00',458,NULL,NULL,8.00,8.00,0.00,0.00,0.00,0.00,0.00,0.00,0.00,0.00,0.00,0.00,0.00,0.00,'ZCP04',NULL,NULL,'2',0,0,NULL),('00350','2017-07-12','05:20:00','12:00:00','12:00:00','17:43:00','17:45:00','04:38:00',459,NULL,NULL,8.00,10.88,0.00,0.00,0.00,0.00,0.00,0.00,0.00,0.00,0.00,0.00,0.00,0.00,'ZCP04',NULL,NULL,'',0,-1,NULL),('00231','2017-07-06','06:36:00','11:30:00','11:32:00','19:14:00','16:00:00','19:00:00',460,NULL,NULL,8.00,3.00,0.00,0.00,0.00,0.00,0.00,0.00,0.00,0.00,0.00,0.00,0.00,0.00,'ZCP03',NULL,NULL,'2',0,0,NULL),('00231','2017-07-07','06:08:00','11:25:00','11:27:00','19:11:00','15:00:00','19:00:00',461,NULL,NULL,8.00,4.00,0.00,0.00,0.00,0.00,0.00,0.00,0.00,0.00,0.00,0.00,0.00,0.00,'ZCP03',NULL,NULL,'2',0,0,NULL),('00231','2017-07-08','07:03:00','11:31:00','11:33:00','17:21:00',NULL,NULL,462,NULL,NULL,8.00,0.00,0.00,0.00,0.00,0.00,0.00,0.00,0.00,0.00,0.00,0.00,0.00,0.00,'ZCP03',NULL,NULL,'',0,0,NULL),('00231','2017-07-09','07:18:00','11:30:00','11:32:00','18:56:00','16:30:00','18:56:00',463,NULL,NULL,8.00,2.43,0.00,0.00,0.00,0.00,0.00,0.00,0.00,0.00,0.00,0.00,0.00,0.00,'ZCP03',NULL,NULL,'2',0,0,NULL),('00231','2017-07-10','06:32:00','11:34:00','11:36:00','19:31:00','15:30:00','19:30:00',464,NULL,NULL,8.00,4.00,0.00,0.00,0.00,0.00,0.00,0.00,0.00,0.00,0.00,0.00,0.00,0.00,'ZCP03',NULL,NULL,'2',0,0,NULL),('00231','2017-07-11','06:43:00','11:34:00','11:36:00','19:20:00','16:00:00','19:00:00',465,NULL,NULL,8.00,3.00,0.00,0.00,0.00,0.00,0.00,0.00,0.00,0.00,0.00,0.00,0.00,0.00,'ZCP03',NULL,NULL,'2',0,0,NULL),('00231','2017-07-12','06:58:00','11:31:00','11:33:00','19:21:00',NULL,NULL,466,NULL,NULL,8.00,0.00,0.00,0.00,0.00,0.00,0.00,0.00,0.00,0.00,0.00,0.00,0.00,0.00,'ZCP03',NULL,NULL,'',0,-1,NULL),('00393','2017-07-06','07:19:00','11:39:00','11:41:00','19:04:00','17:00:00','19:00:00',467,NULL,NULL,8.00,2.00,0.00,0.00,0.00,0.00,0.00,0.00,0.00,0.00,0.00,0.00,0.00,0.00,'ZCP03',NULL,NULL,'2',0,0,NULL),('00393','2017-07-07','07:06:00','11:42:00','11:44:00','19:04:00','17:00:00','19:00:00',468,NULL,NULL,8.00,2.00,0.00,0.00,0.00,0.00,0.00,0.00,0.00,0.00,0.00,0.00,0.00,0.00,'ZCP03',NULL,NULL,'2',0,0,NULL),('00393','2017-07-08','06:58:00','11:33:00','11:36:00','19:03:00','17:00:00','19:00:00',469,NULL,NULL,8.00,2.00,0.00,0.00,0.00,0.00,0.00,0.00,0.00,0.00,0.00,0.00,0.00,0.00,'ZCP03',NULL,NULL,'2',0,0,NULL),('00393','2017-07-09','07:09:00','11:32:00','11:34:00','17:01:00',NULL,NULL,470,NULL,NULL,8.00,0.00,0.00,0.00,0.00,0.00,0.00,0.00,0.00,0.00,0.00,0.00,0.00,0.00,'ZCP03',NULL,NULL,'',0,0,NULL),('00393','2017-07-10','06:45:00','11:35:00','11:37:00','17:01:00',NULL,NULL,471,NULL,NULL,8.00,0.00,0.00,0.00,0.00,0.00,0.00,0.00,0.00,0.00,0.00,0.00,0.00,0.00,'ZCP03',NULL,NULL,'',0,0,NULL),('00393','2017-07-11','06:39:00','11:32:00','11:34:00','19:04:00','17:00:00','19:00:00',472,NULL,NULL,8.00,2.00,0.00,0.00,0.00,0.00,0.00,0.00,0.00,0.00,0.00,0.00,0.00,0.00,'ZCP03',NULL,NULL,'2',0,0,NULL),('00393','2017-07-12','06:58:00','11:30:00','11:32:00','19:50:00',NULL,NULL,473,NULL,NULL,8.00,0.00,0.00,0.00,0.00,0.00,0.00,0.00,0.00,0.00,0.00,0.00,0.00,0.00,'ZCP03',NULL,NULL,'',0,-1,NULL),('00322','2017-07-06','07:54:00','11:31:00','11:33:00','17:00:00',NULL,NULL,474,NULL,NULL,7.60,0.00,0.00,0.00,0.00,0.00,0.00,0.00,0.00,0.00,0.00,0.00,0.00,0.00,'ZCP04',NULL,NULL,'',0,0,NULL),('00322','2017-07-07','07:13:00','11:28:00','11:30:00','16:36:00','20:00:00','05:00:00',475,NULL,NULL,8.00,8.00,0.00,0.00,0.00,0.00,0.00,0.00,0.00,0.00,0.00,0.00,0.00,0.00,'ZCP04',NULL,NULL,'2',0,0,NULL),('00322','2017-07-08','05:30:00','11:28:00','11:30:00','17:09:00',NULL,NULL,476,NULL,NULL,8.00,0.00,0.00,0.00,0.00,0.00,0.00,0.00,0.00,0.00,0.00,0.00,0.00,0.00,'ZCP04',NULL,NULL,'',0,0,NULL),('00322','2017-07-09','07:38:00','11:45:00','11:48:00',NULL,NULL,NULL,477,NULL,NULL,3.87,0.00,0.00,0.00,0.00,0.00,0.00,0.00,0.00,0.00,0.00,0.00,0.00,0.00,'ZCP04',NULL,NULL,'',0,0,NULL),('00322','2017-07-10','07:11:00','11:30:00','11:32:00','17:00:00','20:00:00','05:30:00',478,NULL,NULL,8.00,8.50,0.00,0.00,0.00,0.00,0.00,0.00,0.00,0.00,0.00,0.00,0.00,0.00,'ZCP04',NULL,NULL,'2',0,0,NULL),('00322','2017-07-11','05:42:00','11:49:00','11:51:00','17:01:00','19:06:00','05:00:00',479,NULL,NULL,8.00,9.00,0.00,0.00,0.00,0.00,0.00,0.00,0.00,0.00,0.00,0.00,0.00,0.00,'ZCP04',NULL,NULL,'2',0,0,NULL),('00322','2017-07-12','05:41:00','11:30:00','11:32:00','17:00:00','19:03:00','05:06:00',480,NULL,NULL,8.00,10.05,0.00,0.00,0.00,0.00,0.00,0.00,0.00,0.00,0.00,0.00,0.00,0.00,'ZCP04',NULL,NULL,'',0,-1,NULL),('00300','2017-07-06','05:34:00','11:32:00','11:34:00','17:00:00','20:00:00','05:00:00',481,NULL,NULL,8.00,8.00,0.00,0.00,0.00,0.00,0.00,0.00,0.00,0.00,0.00,0.00,0.00,0.00,'ZCP04',NULL,NULL,'2',0,0,NULL),('00300','2017-07-07','07:58:00','11:56:00','11:58:00','18:20:00','17:00:00','18:20:00',482,NULL,NULL,8.00,0.87,0.00,0.00,0.00,0.00,0.00,0.00,0.00,0.00,0.00,0.00,0.00,0.00,'ZCP04',NULL,NULL,'2',0,0,NULL),('00300','2017-07-10','07:55:00','11:33:00','11:40:00','17:12:00','20:00:00','05:00:00',483,NULL,NULL,8.00,7.50,0.00,0.00,0.00,0.00,0.00,0.00,0.00,0.00,0.00,0.00,0.00,0.00,'ZCP04',NULL,NULL,'2',0,0,NULL),('00300','2017-07-11','07:23:00','11:32:00','13:06:00','18:41:00','20:00:00','05:00:00',484,NULL,NULL,8.00,8.00,0.00,0.00,0.00,0.00,0.00,0.00,0.00,0.00,0.00,0.00,0.00,0.00,'ZCP04',NULL,NULL,'2',0,0,NULL),('00300','2017-07-12','07:48:00','11:37:00','11:39:00','17:56:00','17:59:00','05:05:00',485,NULL,NULL,8.00,10.80,0.00,0.00,0.00,0.00,0.00,0.00,0.00,0.00,0.00,0.00,0.00,0.00,'ZCP04',NULL,NULL,'',0,-1,NULL),('00381','2017-07-06','06:46:00','11:30:00','11:32:00','17:05:00','18:00:00','05:25:00',486,NULL,NULL,8.00,10.42,0.00,0.00,0.00,0.00,0.00,0.00,0.00,0.00,0.00,0.00,0.00,0.00,'ZCP04',NULL,NULL,'2',0,0,NULL),('00381','2017-07-07','05:25:00','11:25:00','11:27:00','17:23:00',NULL,NULL,487,NULL,NULL,8.00,0.00,0.00,0.00,0.00,0.00,0.00,0.00,0.00,0.00,0.00,0.00,0.00,0.00,'ZCP04',NULL,NULL,'',0,0,NULL),('00381','2017-07-08','06:35:00','11:30:00','11:32:00','17:27:00',NULL,NULL,488,NULL,NULL,8.00,0.00,0.00,0.00,0.00,0.00,0.00,0.00,0.00,0.00,0.00,0.00,0.00,0.00,'ZCP04',NULL,NULL,'',0,0,NULL),('00381','2017-07-10','06:41:00','11:31:00','11:33:00','17:07:00','18:00:00','06:02:00',489,NULL,NULL,8.00,11.03,0.00,0.00,0.00,0.00,0.00,0.00,0.00,0.00,0.00,0.00,0.00,0.00,'ZCP04',NULL,NULL,'2',0,0,NULL),('00381','2017-07-11','06:02:00','11:30:00','11:32:00','17:01:00',NULL,NULL,490,NULL,NULL,8.00,0.00,0.00,0.00,0.00,0.00,0.00,0.00,0.00,0.00,0.00,0.00,0.00,0.00,'ZCP04',NULL,NULL,'',0,0,NULL),('00381','2017-07-12','06:18:00','11:30:00','11:32:00','17:07:00','18:00:00','05:50:00',491,NULL,NULL,8.00,11.83,0.00,0.00,0.00,0.00,0.00,0.00,0.00,0.00,0.00,0.00,0.00,0.00,'ZCP04',NULL,NULL,'',0,-1,NULL),('00327','2017-07-08','07:38:00','13:06:00','13:06:00','17:01:00',NULL,NULL,492,NULL,NULL,7.77,0.00,0.00,0.00,0.00,0.00,0.00,0.00,0.00,0.00,0.00,0.00,0.00,0.00,'ZCP04',NULL,NULL,'',0,0,NULL),('00327','2017-07-10','07:54:00','12:08:00','12:08:00','16:52:00',NULL,NULL,493,NULL,NULL,7.47,0.00,0.00,0.00,0.00,0.00,0.00,0.00,0.00,0.00,0.00,0.00,0.00,0.00,'ZCP04',NULL,NULL,'',0,0,NULL),('00327','2017-07-11','07:41:00','12:06:00','12:06:00','16:57:00',NULL,NULL,494,NULL,NULL,7.77,0.00,0.00,0.00,0.00,0.00,0.00,0.00,0.00,0.00,0.00,0.00,0.00,0.00,'ZCP04',NULL,NULL,'',0,0,NULL),('00327','2017-07-12','08:49:00','11:53:00','11:55:00','15:30:00',NULL,NULL,495,NULL,NULL,5.18,0.00,0.00,0.00,0.00,0.00,0.00,0.00,0.00,0.00,0.00,0.00,0.00,0.00,'ZCP04',NULL,NULL,'',0,-1,NULL),('00416','2017-07-07','09:00:00','11:33:00','11:35:00','19:08:00','19:10:00','06:00:00',496,NULL,NULL,8.00,8.33,0.00,0.00,0.00,0.00,0.00,0.00,0.00,0.00,0.00,0.00,0.00,0.00,'ZCP03',NULL,NULL,'2',0,0,NULL),('00416','2017-07-09',NULL,NULL,NULL,NULL,'04:00:00','06:00:00',497,NULL,NULL,8.00,2.00,0.00,0.00,0.00,0.00,0.00,0.00,0.00,0.00,0.00,0.00,0.00,0.00,'ZCP03','18:58:00','06:00:00','2',0,0,NULL),('00416','2017-07-10','06:02:00','12:55:00','12:58:00','17:12:00',NULL,NULL,498,NULL,NULL,8.00,0.00,0.00,0.00,0.00,0.00,0.00,0.00,0.00,0.00,0.00,0.00,0.00,0.00,'ZCP03',NULL,NULL,'',0,0,NULL),('00416','2017-07-11','09:12:00','11:46:00','11:49:00','23:02:00','17:00:00','23:00:00',499,NULL,NULL,8.00,5.00,0.00,0.00,0.00,0.00,0.00,0.00,0.00,0.00,0.00,0.00,0.00,0.00,'ZCP03',NULL,NULL,'2',0,0,NULL),('00416','2017-07-12','08:33:00','11:36:00','11:38:00','18:58:00','19:00:00','03:00:00',500,NULL,NULL,8.00,6.95,0.00,0.00,0.00,0.00,0.00,0.00,0.00,0.00,0.00,0.00,0.00,0.00,'ZCP03',NULL,NULL,'',0,-1,NULL),('00237','2017-07-06','07:23:00','11:58:00','12:35:00','17:00:00','17:00:00','00:00:00',501,NULL,NULL,8.00,7.00,0.00,0.00,0.00,0.00,0.00,0.00,0.00,0.00,0.00,0.00,0.00,0.00,'ZCP01',NULL,NULL,'2',0,0,NULL),('00237','2017-07-07','07:41:00','12:01:00','12:02:00','22:04:00','17:00:00','22:00:00',502,NULL,NULL,8.00,4.82,0.00,0.00,0.00,0.00,0.00,0.00,0.00,0.00,0.00,0.00,0.00,0.00,'ZCP01',NULL,NULL,'2',0,0,NULL),('00237','2017-07-08','07:33:00','12:14:00','12:50:00','23:57:00','17:00:00','23:57:00',503,NULL,NULL,8.00,6.90,0.00,0.00,0.00,0.00,0.00,0.00,0.00,0.00,0.00,0.00,0.00,0.00,'ZCP01',NULL,NULL,'2',0,0,NULL),('00237','2017-07-09','07:34:00','12:56:00','12:56:00','18:08:00','17:00:00','18:00:00',504,NULL,NULL,8.00,0.93,0.00,0.00,0.00,0.00,0.00,0.00,0.00,0.00,0.00,0.00,0.00,0.00,'ZCP01',NULL,NULL,'2',0,0,NULL),('00237','2017-07-10','07:19:00','12:04:00','12:04:00','22:36:00','17:00:00','22:30:00',505,NULL,NULL,8.00,5.50,0.00,0.00,0.00,0.00,0.00,0.00,0.00,0.00,0.00,0.00,0.00,0.00,'ZCP01',NULL,NULL,'2',0,0,NULL),('00237','2017-07-11','07:51:00','11:38:00','12:11:00','17:00:00','17:00:00','00:00:00',506,NULL,NULL,8.00,6.50,0.00,0.00,0.00,0.00,0.00,0.00,0.00,0.00,0.00,0.00,0.00,0.00,'ZCP01',NULL,NULL,'2',0,0,NULL),('00237','2017-07-12','00:15:00','05:21:00','12:11:00',NULL,NULL,NULL,507,NULL,NULL,8.00,0.00,0.00,0.00,0.00,0.00,0.00,0.00,0.00,0.00,0.00,0.00,0.00,0.00,'ZCP01',NULL,NULL,'',0,-1,NULL),('00240','2017-07-08','07:28:00','11:31:00','11:34:00','19:03:00','16:30:00','19:00:00',508,NULL,NULL,8.00,2.50,0.00,0.00,0.00,0.00,0.00,0.00,0.00,0.00,0.00,0.00,0.00,0.00,'ZCP04',NULL,NULL,'2',0,0,NULL),('00240','2017-07-09','07:37:00','11:41:00','11:44:00','18:00:00','17:00:00','18:00:00',509,NULL,NULL,8.00,0.88,0.00,0.00,0.00,0.00,0.00,0.00,0.00,0.00,0.00,0.00,0.00,0.00,'ZCP04',NULL,NULL,'2',0,0,NULL),('00240','2017-07-10','07:46:00','11:58:00','12:00:00','19:00:00','17:00:00','19:00:00',510,NULL,NULL,8.00,1.73,0.00,0.00,0.00,0.00,0.00,0.00,0.00,0.00,0.00,0.00,0.00,0.00,'ZCP04',NULL,NULL,'2',0,0,NULL),('00240','2017-07-11','07:44:00','11:57:00','12:00:00','19:20:00','17:00:00','19:00:00',511,NULL,NULL,8.00,1.77,0.00,0.00,0.00,0.00,0.00,0.00,0.00,0.00,0.00,0.00,0.00,0.00,'ZCP04',NULL,NULL,'2',0,0,NULL),('00240','2017-07-12','07:34:00','11:41:00','11:43:00','19:00:00',NULL,NULL,512,NULL,NULL,7.93,0.00,0.00,0.00,0.00,0.00,0.00,0.00,0.00,0.00,0.00,0.00,0.00,0.00,'ZCP04',NULL,NULL,'',0,-1,NULL),('00394','2017-07-07','07:23:00','11:27:00','11:29:00','18:49:00','19:30:00','04:18:00',513,NULL,NULL,8.00,7.80,0.00,0.00,0.00,0.00,0.00,0.00,0.00,0.00,0.00,0.00,0.00,0.00,'ZCP03',NULL,NULL,'2',0,0,NULL),('00394','2017-07-08','07:31:00','11:42:00','11:44:00','17:22:00',NULL,NULL,514,NULL,NULL,7.98,0.00,0.00,0.00,0.00,0.00,0.00,0.00,0.00,0.00,0.00,0.00,0.00,0.00,'ZCP03',NULL,NULL,'',0,0,NULL),('00394','2017-07-10','06:51:00','11:35:00','11:41:00','17:11:00','19:00:00','00:00:00',515,NULL,NULL,8.00,5.00,0.00,0.00,0.00,0.00,0.00,0.00,0.00,0.00,0.00,0.00,0.00,0.00,'ZCP03',NULL,NULL,'2',0,0,NULL),('00394','2017-07-11','11:54:00','11:56:00','11:58:00','18:45:00','18:47:00','05:00:00',516,NULL,NULL,8.00,4.82,0.00,0.00,0.00,0.00,0.00,0.00,0.00,0.00,0.00,0.00,0.00,0.00,'ZCP03',NULL,NULL,'2',0,0,NULL),('00394','2017-07-12','05:00:00','11:37:00','11:39:00','17:01:00','17:03:00','02:34:00',517,NULL,NULL,8.00,9.52,0.00,0.00,0.00,0.00,0.00,0.00,0.00,0.00,0.00,0.00,0.00,0.00,'ZCP03',NULL,NULL,'',0,-1,NULL),('00313','2017-07-06','05:49:00','15:35:00','15:35:00','15:38:00','19:31:00','04:39:00',518,NULL,NULL,8.00,8.05,0.00,0.00,0.00,0.00,0.00,0.00,0.00,0.00,0.00,0.00,0.00,0.00,'ZCP04',NULL,NULL,'',0,0,NULL),('00313','2017-07-07','05:51:00','11:39:00','11:41:00','15:37:00',NULL,NULL,519,NULL,NULL,8.00,0.00,0.00,0.00,0.00,0.00,0.00,0.00,0.00,0.00,0.00,0.00,0.00,0.00,'ZCP04',NULL,NULL,'',0,0,NULL),('00313','2017-07-08','05:38:00','10:00:00',NULL,NULL,'19:21:00','04:15:00',520,NULL,NULL,8.00,4.27,0.00,0.00,0.00,0.00,0.00,0.00,0.00,0.00,0.00,0.00,0.00,0.00,'ZCP04',NULL,NULL,'2',0,0,NULL),('00313','2017-07-10','05:56:00','11:29:00','11:31:00','15:37:00','19:39:00','04:00:00',521,NULL,NULL,8.00,7.50,0.00,0.00,0.00,0.00,0.00,0.00,0.00,0.00,0.00,0.00,0.00,0.00,'ZCP04',NULL,NULL,'2',0,0,NULL),('00313','2017-07-11','06:04:00','11:39:00','11:41:00','16:59:00','19:42:00','04:03:00',522,NULL,NULL,8.00,7.35,0.00,0.00,0.00,0.00,0.00,0.00,0.00,0.00,0.00,0.00,0.00,0.00,'ZCP04',NULL,NULL,'2',0,0,NULL),('00313','2017-07-12','05:58:00','11:47:00','11:49:00','15:53:00','19:30:00','04:00:00',523,NULL,NULL,8.00,7.50,0.00,0.00,0.00,0.00,0.00,0.00,0.00,0.00,0.00,0.00,0.00,0.00,'ZCP04',NULL,NULL,'2',0,-1,NULL),('00243','2017-07-06','07:40:00','12:07:00','12:07:00','18:31:00','17:00:00','18:30:00',524,NULL,NULL,8.00,1.33,0.00,0.00,0.00,0.00,0.00,0.00,0.00,0.00,0.00,0.00,0.00,0.00,'ZCP04',NULL,NULL,'2',0,0,NULL),('00243','2017-07-07','08:15:00','11:37:00','11:40:00','18:30:00','17:00:00','18:30:00',525,NULL,NULL,8.00,0.75,0.00,0.00,0.00,0.00,0.00,0.00,0.00,0.00,0.00,0.00,0.00,0.00,'ZCP04',NULL,NULL,'2',0,0,NULL),('00243','2017-07-08','07:20:00','12:19:00','12:19:00','18:30:00','16:30:00','18:30:00',526,NULL,NULL,8.00,2.00,0.00,0.00,0.00,0.00,0.00,0.00,0.00,0.00,0.00,0.00,0.00,0.00,'ZCP04',NULL,NULL,'2',0,0,NULL),('00243','2017-07-09','06:53:00','11:44:00','11:46:00','18:00:00','16:00:00','18:00:00',527,NULL,NULL,8.00,2.00,0.00,0.00,0.00,0.00,0.00,0.00,0.00,0.00,0.00,0.00,0.00,0.00,'ZCP04',NULL,NULL,'2',0,0,NULL),('00243','2017-07-10','07:19:00','12:31:00','12:31:00','18:35:00','16:30:00','18:30:00',528,NULL,NULL,8.00,2.00,0.00,0.00,0.00,0.00,0.00,0.00,0.00,0.00,0.00,0.00,0.00,0.00,'ZCP04',NULL,NULL,'2',0,0,NULL),('00243','2017-07-11','07:22:00','12:30:00','12:30:00','18:08:00',NULL,NULL,529,NULL,NULL,8.00,0.00,0.00,0.00,0.00,0.00,0.00,0.00,0.00,0.00,0.00,0.00,0.00,0.00,'ZCP04',NULL,NULL,'',0,0,NULL),('00243','2017-07-12','06:40:00','11:48:00','11:52:00','18:30:00',NULL,NULL,530,NULL,NULL,8.00,0.00,0.00,0.00,0.00,0.00,0.00,0.00,0.00,0.00,0.00,0.00,0.00,0.00,'ZCP04',NULL,NULL,'',0,-1,NULL),('00403','2017-07-06','06:52:00','11:30:00','11:32:00','17:00:00',NULL,NULL,531,NULL,NULL,8.00,0.00,0.00,0.00,0.00,0.00,0.00,0.00,0.00,0.00,0.00,0.00,0.00,0.00,'ZCP04',NULL,NULL,'',0,0,NULL),('00403','2017-07-07','07:07:00','11:32:00','11:35:00','17:06:00','19:00:00','05:14:00',532,NULL,NULL,8.00,9.23,0.00,0.00,0.00,0.00,0.00,0.00,0.00,0.00,0.00,0.00,0.00,0.00,'ZCP04',NULL,NULL,'2',0,0,NULL),('00403','2017-07-08','07:38:00','11:30:00','11:37:00','17:04:00',NULL,NULL,533,NULL,NULL,7.87,0.00,0.00,0.00,0.00,0.00,0.00,0.00,0.00,0.00,0.00,0.00,0.00,0.00,'ZCP04',NULL,NULL,'',0,0,NULL),('00403','2017-07-09','07:16:00','11:39:00','11:42:00','17:01:00','20:00:00','05:00:00',534,NULL,NULL,8.00,8.00,0.00,0.00,0.00,0.00,0.00,0.00,0.00,0.00,0.00,0.00,0.00,0.00,'ZCP04',NULL,NULL,'2',0,0,NULL),('00403','2017-07-10','07:34:00','11:33:00','11:38:00','17:01:00',NULL,NULL,535,NULL,NULL,7.93,0.00,0.00,0.00,0.00,0.00,0.00,0.00,0.00,0.00,0.00,0.00,0.00,0.00,'ZCP04',NULL,NULL,'',0,0,NULL),('00403','2017-07-11','07:20:00','11:39:00','11:43:00','17:00:00',NULL,NULL,536,NULL,NULL,8.00,0.00,0.00,0.00,0.00,0.00,0.00,0.00,0.00,0.00,0.00,0.00,0.00,0.00,'ZCP04',NULL,NULL,'',0,0,NULL),('00403','2017-07-12','07:09:00','11:35:00','11:42:00','17:00:00',NULL,NULL,537,NULL,NULL,8.00,0.00,0.00,0.00,0.00,0.00,0.00,0.00,0.00,0.00,0.00,0.00,0.00,0.00,'ZCP04',NULL,NULL,'',0,-1,NULL),('00263','2017-07-06','05:26:00','14:20:00',NULL,NULL,NULL,NULL,538,NULL,NULL,8.00,0.00,0.00,0.00,0.00,0.00,0.00,0.00,0.00,0.00,0.00,0.00,0.00,0.00,'ZCP17',NULL,NULL,'',0,0,NULL),('00263','2017-07-07','05:46:00','14:34:00',NULL,NULL,NULL,NULL,539,NULL,NULL,8.00,0.00,0.00,0.00,0.00,0.00,0.00,0.00,0.00,0.00,0.00,0.00,0.00,0.00,'ZCP17',NULL,NULL,'',0,0,NULL),('00263','2017-07-08','05:49:00','14:04:00',NULL,NULL,NULL,NULL,540,NULL,NULL,8.00,0.00,0.00,0.00,0.00,0.00,0.00,0.00,0.00,0.00,0.00,0.00,0.00,0.00,'ZCP17',NULL,NULL,'',0,0,NULL),('00263','2017-07-09','05:37:00','14:05:00',NULL,NULL,NULL,NULL,541,NULL,NULL,8.00,0.00,0.00,0.00,0.00,0.00,0.00,0.00,0.00,0.00,0.00,0.00,0.00,0.00,'ZCP17',NULL,NULL,'',0,0,NULL),('00263','2017-07-10','10:33:00','20:11:00',NULL,NULL,NULL,NULL,542,NULL,NULL,8.00,0.00,0.00,0.00,0.00,0.00,0.00,0.00,0.00,0.00,0.00,0.00,0.00,0.00,'ZCP17',NULL,NULL,'2',0,0,NULL),('00263','2017-07-11','11:21:00','20:14:00',NULL,NULL,NULL,NULL,543,NULL,NULL,8.00,0.00,0.00,0.00,0.00,0.00,0.00,0.00,0.00,0.00,0.00,0.00,0.00,0.00,'ZCP17',NULL,NULL,'2',0,0,NULL),('00263','2017-07-12','11:21:00','20:07:00',NULL,NULL,NULL,NULL,544,NULL,NULL,8.00,0.00,0.00,0.00,0.00,0.00,0.00,0.00,0.00,0.00,0.00,0.00,0.00,0.00,'ZCP17',NULL,NULL,'2',0,-1,NULL),('00247','2017-07-06','08:04:00','11:52:00','11:54:00','17:46:00',NULL,NULL,545,NULL,NULL,7.43,0.00,0.00,0.00,0.00,0.00,0.00,0.00,0.00,0.00,0.00,0.00,0.00,0.00,'ZCP03',NULL,NULL,'',0,0,NULL),('00247','2017-07-08','08:24:00','11:43:00','11:45:00','17:00:00',NULL,NULL,546,NULL,NULL,7.10,0.00,0.00,0.00,0.00,0.00,0.00,0.00,0.00,0.00,0.00,0.00,0.00,0.00,'ZCP03',NULL,NULL,'',0,0,NULL),('00247','2017-07-09','08:17:00','14:07:00','14:07:00','18:32:00','17:00:00','18:30:00',547,NULL,NULL,8.00,0.50,0.00,0.00,0.00,0.00,0.00,0.00,0.00,0.00,0.00,0.00,0.00,0.00,'ZCP03',NULL,NULL,'2',0,0,NULL),('00247','2017-07-12','08:11:00','12:58:00','12:58:00','18:42:00',NULL,NULL,548,NULL,NULL,7.32,0.00,0.00,0.00,0.00,0.00,0.00,0.00,0.00,0.00,0.00,0.00,0.00,0.00,'ZCP03',NULL,NULL,'',0,-1,NULL),('00373','2017-07-06','07:13:00','11:47:00','11:49:00','17:01:00',NULL,NULL,549,NULL,NULL,8.00,0.00,0.00,0.00,0.00,0.00,0.00,0.00,0.00,0.00,0.00,0.00,0.00,0.00,'ZCP04',NULL,NULL,'',0,0,NULL),('00373','2017-07-08','07:02:00','11:52:00','11:54:00','16:41:00',NULL,NULL,550,NULL,NULL,7.68,0.00,0.00,0.00,0.00,0.00,0.00,0.00,0.00,0.00,0.00,0.00,0.00,0.00,'ZCP04',NULL,NULL,'',0,0,NULL),('00373','2017-07-09','07:02:00','11:58:00','12:00:00','16:14:00',NULL,NULL,551,NULL,NULL,7.23,0.00,0.00,0.00,0.00,0.00,0.00,0.00,0.00,0.00,0.00,0.00,0.00,0.00,'ZCP04',NULL,NULL,'',0,0,NULL),('00373','2017-07-10','07:15:00','12:07:00','12:07:00','17:14:00',NULL,NULL,552,NULL,NULL,8.00,0.00,0.00,0.00,0.00,0.00,0.00,0.00,0.00,0.00,0.00,0.00,0.00,0.00,'ZCP04',NULL,NULL,'',0,0,NULL),('00373','2017-07-11','07:18:00','11:51:00','11:53:00','17:10:00',NULL,NULL,553,NULL,NULL,8.00,0.00,0.00,0.00,0.00,0.00,0.00,0.00,0.00,0.00,0.00,0.00,0.00,0.00,'ZCP04',NULL,NULL,'',0,0,NULL),('00373','2017-07-12','07:15:00','13:34:00','13:34:00','17:04:00',NULL,NULL,554,NULL,NULL,7.43,0.00,0.00,0.00,0.00,0.00,0.00,0.00,0.00,0.00,0.00,0.00,0.00,0.00,'ZCP04',NULL,NULL,'',0,-1,NULL),('00251','2017-07-06','07:16:00','11:50:00','11:52:00','18:00:00','16:30:00','18:00:00',555,NULL,NULL,8.00,1.50,0.00,0.00,0.00,0.00,0.00,0.00,0.00,0.00,0.00,0.00,0.00,0.00,'ZCP04',NULL,NULL,'2',0,0,NULL),('00251','2017-07-07','07:46:00','11:49:00','11:51:00','18:30:00','17:00:00','18:30:00',556,NULL,NULL,8.00,1.23,0.00,0.00,0.00,0.00,0.00,0.00,0.00,0.00,0.00,0.00,0.00,0.00,'ZCP04',NULL,NULL,'2',0,0,NULL),('00251','2017-07-08','07:29:00','11:57:00','11:59:00','18:30:00','16:30:00','18:30:00',557,NULL,NULL,8.00,2.00,0.00,0.00,0.00,0.00,0.00,0.00,0.00,0.00,0.00,0.00,0.00,0.00,'ZCP04',NULL,NULL,'2',0,0,NULL),('00251','2017-07-10','07:18:00','11:48:00','11:50:00','18:30:00','16:30:00','18:30:00',558,NULL,NULL,8.00,2.00,0.00,0.00,0.00,0.00,0.00,0.00,0.00,0.00,0.00,0.00,0.00,0.00,'ZCP04',NULL,NULL,'2',0,0,NULL),('00251','2017-07-11','07:24:00','11:49:00','11:51:00','18:05:00','16:30:00','18:00:00',559,NULL,NULL,8.00,1.50,0.00,0.00,0.00,0.00,0.00,0.00,0.00,0.00,0.00,0.00,0.00,0.00,'ZCP04',NULL,NULL,'2',0,0,NULL),('00251','2017-07-12','07:35:00','11:58:00','12:01:00','18:00:00',NULL,NULL,560,NULL,NULL,7.92,0.00,0.00,0.00,0.00,0.00,0.00,0.00,0.00,0.00,0.00,0.00,0.00,0.00,'ZCP04',NULL,NULL,'',0,-1,NULL),('00315','2017-07-06','07:33:00','11:39:00','11:42:00','18:30:00','17:00:00','18:30:00',561,NULL,NULL,8.00,1.45,0.00,0.00,0.00,0.00,0.00,0.00,0.00,0.00,0.00,0.00,0.00,0.00,'ZCP03',NULL,NULL,'2',0,0,NULL),('00315','2017-07-07','07:13:00','11:34:00','11:36:00','18:30:00','16:30:00','18:30:00',562,NULL,NULL,8.00,2.00,0.00,0.00,0.00,0.00,0.00,0.00,0.00,0.00,0.00,0.00,0.00,0.00,'ZCP03',NULL,NULL,'2',0,0,NULL),('00315','2017-07-08','07:11:00','11:45:00','11:48:00','18:00:00','16:30:00','18:00:00',563,NULL,NULL,8.00,1.50,0.00,0.00,0.00,0.00,0.00,0.00,0.00,0.00,0.00,0.00,0.00,0.00,'ZCP03',NULL,NULL,'2',0,0,NULL),('00315','2017-07-09','07:28:00','11:35:00','11:37:00','18:30:00','16:30:00','18:30:00',564,NULL,NULL,8.00,2.00,0.00,0.00,0.00,0.00,0.00,0.00,0.00,0.00,0.00,0.00,0.00,0.00,'ZCP03',NULL,NULL,'2',0,0,NULL),('00315','2017-07-10','07:36:00','11:49:00','11:53:00','18:30:00','17:00:00','18:30:00',565,NULL,NULL,8.00,1.40,0.00,0.00,0.00,0.00,0.00,0.00,0.00,0.00,0.00,0.00,0.00,0.00,'ZCP03',NULL,NULL,'2',0,0,NULL),('00315','2017-07-11','07:18:00','11:41:00','11:43:00','18:30:00','16:30:00','18:30:00',566,NULL,NULL,8.00,2.00,0.00,0.00,0.00,0.00,0.00,0.00,0.00,0.00,0.00,0.00,0.00,0.00,'ZCP03',NULL,NULL,'2',0,0,NULL),('00315','2017-07-12','07:16:00','11:40:00','11:42:00','18:30:00',NULL,NULL,567,NULL,NULL,8.00,0.00,0.00,0.00,0.00,0.00,0.00,0.00,0.00,0.00,0.00,0.00,0.00,0.00,'ZCP03',NULL,NULL,'',0,-1,NULL),('00386','2017-07-06','07:32:00','11:46:00','11:48:00','18:30:00','17:00:00','18:30:00',568,NULL,NULL,8.00,1.47,0.00,0.00,0.00,0.00,0.00,0.00,0.00,0.00,0.00,0.00,0.00,0.00,'ZCP03',NULL,NULL,'2',0,0,NULL),('00386','2017-07-07','08:10:00','11:54:00','11:56:00','18:04:00','17:00:00','18:00:00',569,NULL,NULL,8.00,0.33,0.00,0.00,0.00,0.00,0.00,0.00,0.00,0.00,0.00,0.00,0.00,0.00,'ZCP03',NULL,NULL,'2',0,0,NULL),('00386','2017-07-08','07:24:00','12:13:00','12:13:00','18:33:00','17:00:00','18:30:00',570,NULL,NULL,8.00,1.50,0.00,0.00,0.00,0.00,0.00,0.00,0.00,0.00,0.00,0.00,0.00,0.00,'ZCP03',NULL,NULL,'2',0,0,NULL),('00386','2017-07-09','07:39:00','11:46:00','11:48:00','18:31:00','17:00:00','18:30:00',571,NULL,NULL,8.00,1.35,0.00,0.00,0.00,0.00,0.00,0.00,0.00,0.00,0.00,0.00,0.00,0.00,'ZCP03',NULL,NULL,'2',0,0,NULL),('00386','2017-07-10','07:57:00','12:34:00','12:34:00','18:33:00','17:00:00','18:30:00',572,NULL,NULL,8.00,1.05,0.00,0.00,0.00,0.00,0.00,0.00,0.00,0.00,0.00,0.00,0.00,0.00,'ZCP03',NULL,NULL,'2',0,0,NULL),('00386','2017-07-11','07:54:00','11:41:00','11:43:00','18:07:00','17:00:00','18:00:00',573,NULL,NULL,8.00,0.60,0.00,0.00,0.00,0.00,0.00,0.00,0.00,0.00,0.00,0.00,0.00,0.00,'ZCP03',NULL,NULL,'2',0,0,NULL),('00386','2017-07-12','07:44:00','12:07:00','12:07:00','18:04:00',NULL,NULL,574,NULL,NULL,7.77,0.00,0.00,0.00,0.00,0.00,0.00,0.00,0.00,0.00,0.00,0.00,0.00,0.00,'ZCP03',NULL,NULL,'',0,-1,NULL),('00411','2017-07-06','06:43:00','11:33:00','11:36:00','17:42:00','16:00:00','17:42:00',575,NULL,NULL,8.00,1.70,0.00,0.00,0.00,0.00,0.00,0.00,0.00,0.00,0.00,0.00,0.00,0.00,'ZCP01',NULL,NULL,'2',0,0,NULL),('00411','2017-07-07','07:06:00','11:48:00','11:50:00','17:15:00','16:00:00','17:15:00',576,NULL,NULL,8.00,1.25,0.00,0.00,0.00,0.00,0.00,0.00,0.00,0.00,0.00,0.00,0.00,0.00,'ZCP01',NULL,NULL,'2',0,0,NULL),('00411','2017-07-08','07:12:00','11:42:00','11:45:00','17:47:00','16:30:00','17:47:00',577,NULL,NULL,8.00,1.28,0.00,0.00,0.00,0.00,0.00,0.00,0.00,0.00,0.00,0.00,0.00,0.00,'ZCP01',NULL,NULL,'2',0,0,NULL),('00411','2017-07-10','06:49:00','12:26:00','12:26:00','19:00:00','16:00:00','19:00:00',578,NULL,NULL,8.00,3.00,0.00,0.00,0.00,0.00,0.00,0.00,0.00,0.00,0.00,0.00,0.00,0.00,'ZCP01',NULL,NULL,'2',0,0,NULL),('00411','2017-07-11','06:51:00','12:03:00','12:04:00','18:21:00','16:00:00','18:21:00',579,NULL,NULL,8.00,2.35,0.00,0.00,0.00,0.00,0.00,0.00,0.00,0.00,0.00,0.00,0.00,0.00,'ZCP01',NULL,NULL,'2',0,0,NULL),('00411','2017-07-12','07:26:00','12:16:00','12:16:00','19:01:00',NULL,NULL,580,NULL,NULL,8.00,0.00,0.00,0.00,0.00,0.00,0.00,0.00,0.00,0.00,0.00,0.00,0.00,0.00,'ZCP01',NULL,NULL,'',0,-1,NULL),('00415','2017-07-06','03:54:00','11:44:00','11:46:00','17:01:00','19:00:00','03:00:00',581,NULL,NULL,8.00,7.00,0.00,0.00,0.00,0.00,0.00,0.00,0.00,0.00,0.00,0.00,0.00,0.00,'ZCP03',NULL,NULL,'2',0,0,NULL),('00415','2017-07-07','09:04:00','11:49:00','11:52:00','17:54:00',NULL,NULL,582,NULL,NULL,7.43,0.00,0.00,0.00,0.00,0.00,0.00,0.00,0.00,0.00,0.00,0.00,0.00,0.00,'ZCP03',NULL,NULL,'2',0,0,NULL),('00415','2017-07-08','08:22:00','11:33:00',NULL,NULL,NULL,NULL,583,NULL,NULL,3.18,0.00,0.00,0.00,0.00,0.00,0.00,0.00,0.00,0.00,0.00,0.00,0.00,0.00,'ZCP03',NULL,NULL,'',0,0,NULL),('00415','2017-07-10','07:55:00','11:36:00','11:38:00','17:13:00',NULL,NULL,584,NULL,NULL,7.58,0.00,0.00,0.00,0.00,0.00,0.00,0.00,0.00,0.00,0.00,0.00,0.00,0.00,'ZCP03',NULL,NULL,'',0,0,NULL),('00415','2017-07-11','08:19:00','11:40:00','11:42:00','17:00:00',NULL,NULL,585,NULL,NULL,7.18,0.00,0.00,0.00,0.00,0.00,0.00,0.00,0.00,0.00,0.00,0.00,0.00,0.00,'ZCP03',NULL,NULL,'',0,0,NULL),('00415','2017-07-12','08:37:00','11:40:00','11:44:00','17:13:00','17:55:00','03:11:00',586,NULL,NULL,8.00,8.15,0.00,0.00,0.00,0.00,0.00,0.00,0.00,0.00,0.00,0.00,0.00,0.00,'ZCP03',NULL,NULL,'',0,-1,NULL);

/*Table structure for table `tmpdtroverride` */

DROP TABLE IF EXISTS `tmpdtroverride`;

CREATE TABLE `tmpdtroverride` (
  `OverrideID` int(11) NOT NULL AUTO_INCREMENT,
  `dtrDate` date NOT NULL,
  `TimeInAM` time DEFAULT NULL,
  `TimeOutAM` time DEFAULT NULL,
  `TimeInPM` time DEFAULT NULL,
  `TimeOutPM` time DEFAULT NULL,
  `TimeInOT` time DEFAULT NULL,
  `TimeOutOT` time DEFAULT NULL,
  `TimeInNight` time DEFAULT NULL,
  `TimeOutNight` time DEFAULT NULL,
  `RegularTime` double(10,4) DEFAULT NULL,
  `OtHour` double(10,4) DEFAULT NULL,
  `RecordEditted` datetime NOT NULL,
  `AdminGranted` varchar(250) NOT NULL,
  `UserID` int(11) NOT NULL,
  `EmployeeID` varchar(250) DEFAULT NULL,
  PRIMARY KEY (`OverrideID`),
  UNIQUE KEY `dtrDate` (`dtrDate`,`EmployeeID`)
) ENGINE=InnoDB DEFAULT CHARSET=latin1;

/*Data for the table `tmpdtroverride` */

/*!40101 SET SQL_MODE=@OLD_SQL_MODE */;
/*!40014 SET FOREIGN_KEY_CHECKS=@OLD_FOREIGN_KEY_CHECKS */;
/*!40014 SET UNIQUE_CHECKS=@OLD_UNIQUE_CHECKS */;
/*!40111 SET SQL_NOTES=@OLD_SQL_NOTES */;
